-- MySQL dump 10.13  Distrib 8.0.30, for Win64 (x86_64)
--
-- Host: localhost    Database: damp
-- ------------------------------------------------------
-- Server version	8.0.30

/*!40101 SET @OLD_CHARACTER_SET_CLIENT=@@CHARACTER_SET_CLIENT */;
/*!40101 SET @OLD_CHARACTER_SET_RESULTS=@@CHARACTER_SET_RESULTS */;
/*!40101 SET @OLD_COLLATION_CONNECTION=@@COLLATION_CONNECTION */;
/*!50503 SET NAMES utf8mb4 */;
/*!40103 SET @OLD_TIME_ZONE=@@TIME_ZONE */;
/*!40103 SET TIME_ZONE='+00:00' */;
/*!40014 SET @OLD_UNIQUE_CHECKS=@@UNIQUE_CHECKS, UNIQUE_CHECKS=0 */;
/*!40014 SET @OLD_FOREIGN_KEY_CHECKS=@@FOREIGN_KEY_CHECKS, FOREIGN_KEY_CHECKS=0 */;
/*!40101 SET @OLD_SQL_MODE=@@SQL_MODE, SQL_MODE='NO_AUTO_VALUE_ON_ZERO' */;
/*!40111 SET @OLD_SQL_NOTES=@@SQL_NOTES, SQL_NOTES=0 */;

--
-- Current Database: `damp`
--

CREATE DATABASE /*!32312 IF NOT EXISTS*/ `damp` /*!40100 DEFAULT CHARACTER SET utf8mb4 COLLATE utf8mb4_0900_ai_ci */ /*!80016 DEFAULT ENCRYPTION='N' */;

USE `damp`;

--
-- Table structure for table `categories`
--

DROP TABLE IF EXISTS `categories`;
/*!40101 SET @saved_cs_client     = @@character_set_client */;
/*!50503 SET character_set_client = utf8mb4 */;
CREATE TABLE `categories` (
  `id_category` int NOT NULL AUTO_INCREMENT,
  `category_name` varchar(255) NOT NULL,
  PRIMARY KEY (`id_category`)
) ENGINE=InnoDB AUTO_INCREMENT=8 DEFAULT CHARSET=utf8mb3;
/*!40101 SET character_set_client = @saved_cs_client */;

--
-- Dumping data for table `categories`
--

LOCK TABLES `categories` WRITE;
/*!40000 ALTER TABLE `categories` DISABLE KEYS */;
INSERT INTO `categories` VALUES (1,'Салаты'),(2,'Закуски'),(3,'Пасты'),(4,'Горячие блюда'),(5,'Супы'),(6,'Бургеры'),(7,'Пиццы');
/*!40000 ALTER TABLE `categories` ENABLE KEYS */;
UNLOCK TABLES;

--
-- Table structure for table `certificates`
--

DROP TABLE IF EXISTS `certificates`;
/*!40101 SET @saved_cs_client     = @@character_set_client */;
/*!50503 SET character_set_client = utf8mb4 */;
CREATE TABLE `certificates` (
  `id_certificate` int NOT NULL AUTO_INCREMENT,
  `last_name` varchar(255) NOT NULL,
  `first_name` varchar(255) NOT NULL,
  `middle_name` varchar(255) DEFAULT NULL,
  `price` decimal(10,2) NOT NULL,
  `date` date NOT NULL,
  `id_status_certificate` int DEFAULT NULL,
  `phone_number` varchar(20) NOT NULL,
  PRIMARY KEY (`id_certificate`),
  KEY `FK_id_status_certificate` (`id_status_certificate`),
  CONSTRAINT `certificates_ibfk_1` FOREIGN KEY (`id_status_certificate`) REFERENCES `status_certificates` (`id_status_certificate`)
) ENGINE=InnoDB AUTO_INCREMENT=52 DEFAULT CHARSET=utf8mb3;
/*!40101 SET character_set_client = @saved_cs_client */;

--
-- Dumping data for table `certificates`
--

LOCK TABLES `certificates` WRITE;
/*!40000 ALTER TABLE `certificates` DISABLE KEYS */;
INSERT INTO `certificates` VALUES (1,'Иванов','Иван','Иванович',1000.00,'2026-02-22',1,'+7 (910) 123-45-67'),(2,'Петрова','Анна','Сергеевна',1500.00,'2026-02-22',1,'+7 (910) 234-56-78'),(3,'Сидоров','Дмитрий','Владимирович',2000.00,'2026-02-22',1,'+7 (910) 345-67-89'),(4,'Кузнецова','Мария','Петровна',1200.00,'2026-02-22',1,'+7 (910) 456-78-90'),(5,'Васильев','Сергей','Алексеевич',1800.00,'2026-02-22',1,'+7 (910) 567-89-01'),(6,'Морозов','Евгений','Константинович',2500.00,'2026-02-22',1,'+7 (910) 678-90-12'),(7,'Николаева','Людмила','Васильевна',1600.00,'2026-02-22',1,'+7 (910) 789-01-23'),(8,'Орлов','Александр','Григорьевич',1900.00,'2026-02-22',1,'+7 (910) 890-12-34'),(9,'Павлова','Татьяна','Николаевна',2200.00,'2026-02-22',1,'+7 (910) 901-23-45'),(10,'Романов','Михаил','Иванович',1400.00,'2026-02-22',1,'+7 (910) 012-34-56'),(11,'Соколов','Виктор','Евгеньевич',1100.00,'2026-02-22',1,'+7 (910) 112-23-34'),(12,'Тихонова','Елена','Петровна',1700.00,'2026-02-22',1,'+7 (910) 223-34-45'),(13,'Ушаков','Константин','Михайлович',2300.00,'2026-02-22',1,'+7 (910) 334-45-56'),(14,'Федорова','Анна','Владимировна',1300.00,'2026-02-22',1,'+7 (910) 445-56-67'),(15,'Хомяков','Сергей','Дмитриевич',1950.00,'2026-02-22',1,'+7 (910) 556-67-78'),(16,'Волков','Александр','Михайлович',2600.00,'2026-02-22',2,'+7 (910) 667-78-89'),(17,'Григорьева','Людмила','Петровна',1750.00,'2026-02-22',2,'+7 (910) 778-89-90'),(18,'Денисов','Сергей','Константинович',2700.00,'2026-02-22',2,'+7 (910) 889-90-01'),(19,'Егорова','Мария','Алексеевна',1250.00,'2026-02-22',2,'+7 (910) 990-01-12'),(20,'Жуков','Владимир','Иванович',2800.00,'2026-02-22',2,'+7 (910) 101-12-23'),(21,'Захарова','Елена','Владимировна',1350.00,'2026-02-22',2,'+7 (910) 211-22-33'),(22,'Игнатьев','Александр','Сергеевич',2900.00,'2026-02-22',2,'+7 (910) 322-33-44'),(23,'Кириллова','Мария','Петровна',1500.00,'2026-02-22',2,'+7 (910) 433-44-55'),(24,'Лебедев','Дмитрий','Николаевич',1600.00,'2026-02-22',2,'+7 (910) 544-55-66'),(25,'Морозова','Анна','Константиновна',1800.00,'2026-02-22',2,'+7 (910) 655-66-77'),(26,'Новиков','Петр','Алексеевич',2000.00,'2026-02-22',2,'+7 (910) 766-77-88'),(27,'Орлова','Татьяна','Григорьевна',2100.00,'2026-02-22',2,'+7 (910) 877-88-99'),(28,'Павлов','Михаил','Иванович',2200.00,'2026-02-22',2,'+7 (910) 988-99-00'),(29,'Романова','Елена','Сергеевна',2300.00,'2026-02-22',2,'+7 (910) 099-00-11'),(30,'Семенов','Андрей','Владимирович',2400.00,'2026-02-22',2,'+7 (910) 100-11-22'),(31,'Воробьев','Дмитрий','Михайлович',2700.00,'2026-02-22',3,'+7 (910) 211-22-44'),(32,'Григорьев','Андрей','Петрович',1450.00,'2026-02-22',3,'+7 (910) 322-33-55'),(33,'Денисова','Мария','Константиновна',2800.00,'2026-02-22',3,'+7 (910) 433-44-66'),(34,'Егоров','Петр','Алексеевич',1250.00,'2026-02-22',3,'+7 (910) 544-55-77'),(35,'Жукова','Елена','Ивановна',2900.00,'2026-02-22',3,'+7 (910) 655-66-88'),(36,'Захаров','Сергей','Владимирович',1350.00,'2026-02-22',3,'+7 (910) 766-77-99'),(37,'Игнатова','Анна','Сергеевна',3000.00,'2026-02-22',3,'+7 (910) 877-88-00'),(38,'Кириллов','Михаил','Петрович',1500.00,'2026-02-22',3,'+7 (910) 988-99-11'),(39,'Лебедева','Ольга','Николаевна',1600.00,'2026-02-22',3,'+7 (910) 099-00-22'),(40,'Морозов','Александр','Константинович',1800.00,'2026-02-22',3,'+7 (910) 100-11-33'),(41,'Новиков','Игорь','Алексеевич',2000.00,'2026-02-22',3,'+7 (910) 211-22-55'),(42,'Орлов','Дмитрий','Григорьевич',2100.00,'2026-02-22',3,'+7 (910) 322-33-66'),(43,'Павлова','Елена','Ивановна',2200.00,'2026-02-22',3,'+7 (910) 433-44-77'),(44,'Романова','Екатерина','Сергеевна',2300.00,'2026-02-22',3,'+7 (910) 544-55-88'),(45,'Семенов','Андрей','Владимирович',2400.00,'2026-02-22',3,'+7 (910) 655-66-99'),(46,'Тихомирова','Татьяна','Константиновна',1100.00,'2026-02-22',3,'+7 (910) 766-77-00'),(47,'Устинов','Сергей','Петрович',1900.00,'2026-02-22',3,'+7 (910) 877-88-11'),(48,'Федорова','Наталья','Дмитриевна',1400.00,'2026-02-22',3,'+7 (910) 988-99-22'),(49,'Хомяков','Владимир','Алексеевич',2500.00,'2026-02-22',3,'+7 (910) 099-00-33'),(50,'Чернышева','Екатерина','Михайловна',1550.00,'2026-02-22',3,'+7 (910) 100-11-44'),(51,'Самойлова','Диана','Дмитриевна',5000.00,'2026-03-11',1,'+7 (478) 324-32-87');
/*!40000 ALTER TABLE `certificates` ENABLE KEYS */;
UNLOCK TABLES;

--
-- Table structure for table `dishes`
--

DROP TABLE IF EXISTS `dishes`;
/*!40101 SET @saved_cs_client     = @@character_set_client */;
/*!50503 SET character_set_client = utf8mb4 */;
CREATE TABLE `dishes` (
  `id_dish` int NOT NULL AUTO_INCREMENT,
  `dish_name` varchar(255) NOT NULL,
  `compound` varchar(255) DEFAULT NULL,
  `id_category` int NOT NULL,
  `price` decimal(10,2) NOT NULL,
  `photo` longblob,
  `weight_volume` varchar(20) NOT NULL,
  `cost` decimal(10,2) DEFAULT '0.00',
  PRIMARY KEY (`id_dish`),
  KEY `FK_id_category` (`id_category`),
  CONSTRAINT `dishes_ibfk_1` FOREIGN KEY (`id_category`) REFERENCES `categories` (`id_category`)
) ENGINE=InnoDB AUTO_INCREMENT=75 DEFAULT CHARSET=utf8mb3;
/*!40101 SET character_set_client = @saved_cs_client */;

--
-- Dumping data for table `dishes`
--

LOCK TABLES `dishes` WRITE;
/*!40000 ALTER TABLE `dishes` DISABLE KEYS */;
INSERT INTO `dishes` VALUES (1,'Салат Цезарь с курицей','Листья салата айсберг, нежное куриное филе в соусе песто, спелые томаты черри, хрустящие крутоны, сыр Пармезан, заправка соус Цезарь.',1,520.00,0xFFD8FFE000104A46494600010101006000600000FFDB00430006040506050406060506070706080A100A0A09090A140E0F0C1017141818171416161A1D251F1A1B231C1616202C20232627292A29191F2D302D283025282928FFDB0043010707070A080A130A0A13281A161A2828282828282828282828282828282828282828282828282828282828282828282828282828282828282828282828282828FFC0001108012C010903012200021101031101FFC4001F0000010501010101010100000000000000000102030405060708090A0BFFC400B5100002010303020403050504040000017D01020300041105122131410613516107227114328191A1082342B1C11552D1F02433627282090A161718191A25262728292A3435363738393A434445464748494A535455565758595A636465666768696A737475767778797A838485868788898A92939495969798999AA2A3A4A5A6A7A8A9AAB2B3B4B5B6B7B8B9BAC2C3C4C5C6C7C8C9CAD2D3D4D5D6D7D8D9DAE1E2E3E4E5E6E7E8E9EAF1F2F3F4F5F6F7F8F9FAFFC4001F0100030101010101010101010000000000000102030405060708090A0BFFC400B51100020102040403040705040400010277000102031104052131061241510761711322328108144291A1B1C109233352F0156272D10A162434E125F11718191A262728292A35363738393A434445464748494A535455565758595A636465666768696A737475767778797A82838485868788898A92939495969798999AA2A3A4A5A6A7A8A9AAB2B3B4B5B6B7B8B9BAC2C3C4C5C6C7C8C9CAD2D3D4D5D6D7D8D9DAE2E3E4E5E6E7E8E9EAF2F3F4F5F6F7F8F9FAFFDA000C03010002110311003F00FA356E036000BF747551E82A65979E8B8FF745519A1CB829C703F9539652AC15BF3AD4C0BE2427B2FF00DF229DBCFA2FFDF22ABAC831D6A4041145864A64E3F87FEF9151493EC524EDE3FD9150DD4AA91125B159C59EE540DC421A5606C79BF92E1C88C2951C7DD152889DF0CFB73DB0A29D0C2902610605665F6A52C5288E38D98773D8534ADB88BB38289B54AEE3FEC8A9AD5C88C06D87DF68ACB0F71344D81C9E952DB47731C389181269D80BD7B3ED87E50A4F6C28A9ACA490C6A5D577E3FBA2AB5B5B9C6643B9BB55C51CF149813AB1F45FFBE450F961D17FEF915199234FBF222FD580A825D4EC62FBF796EBF590516196E3F917A2FF00DF2294B9F45FFBE4564BEBDA52F5BF83F06CD427C45A5608FB60FF0080AB1FE94EC06D173E8BFF007C8A8D9CFA2FFDF22B15FC4DA50FF9793FF7EDBFC2A36F136923EF5D81F5461FD28B01B85CFA2FFDF2290B13D97FEF91589FF092690DD350807D4E2A44D734D7FB9A85AB1FFAEA29D846A963E8BFF7C8A67987AE17FEF915556EE2906639A371FECB034A65E3DA81139949CF09FF007C8A6EF3E8BFF7C8AAFE70A51286F4A56024673E8BFF007C8A4DC7D17FEF9148083DC52F1458052FC745FF00BE4546CE41E8BFF7C8A563E9D2A37C66800794E7185FFBE4526F3E8BFF007C8A612290114843998FA2FF00DF22A3663E8BFF007C8A524E6929A189BC8ECBFF007C8ABDE637A2FF00DF22A963357B14C0BAE3047FBA3F9544E07A559963E47D07F2A88C7C54A199F3BBC5CA7CC3B8A21D413EE9356248941271CD64EA020B6DD3C8F1C407567381F9D3B022C5D4A2E94AA9E9562CD764437919AE22CFC5B6B2DCCA2C20B8D464076FFA34794FC5CE17F5AB72EA3AEDE7F15A6971FA0FDFCBFD147EB4F443B33B49245542490063A9AC0BDD7345B462935EC4D27F723FDE31FC066B05F4D86739D42E2F2FDBFE9BCA427FDF2B81572DE286D976DB41142BE91A0152E68762D2F8919F8B0D2AF654C70D20112FFE3DCFE941D535894F11D85AAFFB45A561FC85444B37524D380A5CEC2C29935193FD76AD301E9044A83FA9A61B647FF5D3DDCC7FDB9DBFA54A14D3C2D4DDB1E857165660EEFB2C6C7D5B2DFCEA648604FB9042BF4415205A70534B516820C0E8AA3E8A29C18F634A17DA94253010337AD1B8F7A788CD384740888AAB7DE8D1BEAA2A196C2CA61896CAD9C7BC62AE84A5094F511893786B459796D3A253EB19287F43559BC2B660E6D6F354B53DBCABB6C7E4735D26CA367B53BB1DD9CBBE87AD439FB0789EE3D96EE04907E6306A3DFE32B4FF00965A3EA207F71DA063F9E45757B0D34A1A776072BFF097DFD99C6B1E1CD52D87792051709FF8E9CFE95774FF001D68179208A3D4A18E6FF9E53E627FC9B15BB861D09AA17FA7596A0366A1616D74A78FDEC41A8E70D19A2B78B2286465653D0A9C8A789549EB5C64BE04D32373268F75A868F2E723ECB39299FF0071B22A26B6F19691CDBC961AF5B8ECDFE8D3E3EBCA9FD29DD0B95743B8241E8694035C0C3E3FB2B7B95B7D7EDEF344B82718BD8F6A1FA483E53F9D75F69A94371189209639632387460C0FE228B260D346805A0D44B7008CF14F0EA7EB4C406AFE7DEA8123B568714585734253861F41FCAB135FF12697A0C41B55BD8A066FB917DE91FD950726B86BAF12789BC4F91650B786B4B2A3F7D3A87BC9463AAAFDD8FF001C9A4D2749D374A95E6B685E7BD7FF00597772E6599FEAC79FC0605473246BCBDCD2BAF11EB7ABA11A4D8AE976A7A5CDF8CCAC3D5621D3FE047F0ACBFEC4B696613EAD3DC6AD720E435D37C8A7FD98C7CA2B5499253939C53C438EB52E6DEC3B5862B6102460220E02A8C01F853D549A7AA0A9512A4062A548A952A27B54CB1D3B0AE40B1D4823F6A9B6607009A90253B0AE40A95208EA60869DB0D0042129DB6A50943A848CBB74EDEF4A52515760936EC88C014B51191C83B50FE348D248870C831592C440BF65226CD01A98AEAD8C82A7D0D388AD5494B54434D6E3B7FAD2EE1EB5111498AA1136E14A08A839A4DC453B8167834BB455612914E59C77A2E04E501A698E916653DEA55706802131544D111D38ABA30682993ED408CABB863B981A0BC862B881861A39543023F1AE2AF7E1DD847335CF85AFEEFC3D784E76DBB6F818FBC678FCB15E8CF103DAA0787DA81A6D1E633EB9E2CF0B8FF8A97481A9582FFCC474A05B03D5E23C8FC335D1F873C59A56BF079DA5DF43703F8914E1D3D8A9E4574524676B273B581047A8AE4BC45E01D0B5A945CA42FA5EA883097D62DE5C83EB8E1BF1A149A0D19D4A5D0E39AD4FB49FF26BC72E6EFC59E0C6FF0089DDBFF6FE8EBFF2FF0064989E35F5923EFF005156BFE16FF853FE82527FDF87FF000AB5241C8FA1D44C64939C9C903BFB5598222146FC67BD382608E9D071F854C884D73A458F57C001001EF4A016EB52C70FB558484E0600FC6A8572048BDAA748B240E956122F6A9C45819C71408AAB1FCC40E80E33EB52AC55602D382D3B8884474F0B5205A7A05FE2E949B021230093DA910ABA865CE0FAD4912BB82429E29E217FE2181EE6973059907991ACAA8E704F4F4A9A44DCCA0A923D474144D671CCBB727D41079534DB99C5BC2AC80B2E769F6AF3A156526E551AB74FF23ADC12494481D59A5C6768EC7D69F24017E607763D6ABCB70C4AA360073D474A825B8C308A58C8EDB81C6694B1114DA054D892A2CA9E629C107183D853FCB976E03607F7B159724DA82DDBC71AC260C8C306E71EE2B54CAD70BC39CA1E9C0CFB514F10A4DD96A39526B729EA3796BA698A49670A259044CD23773D2ACF9A08041041EE0D79B7C52F11ADA5BA456488D701976AC83702C4E391581E11F15DDDAEAB7104F3A0D323204A2625442C47F093EFDA9E1B14A378F4B9ACF04DC7996FD8F67F33DE937FBD64DADEA5C469244E1D1C06523B8ABAB2602FB9E49AF4B991E7D8B3BA940CE71506FF00EEF5F5A79938DA9DC609A5CC161FC6700E48A031078351C7F22803B549207D991B47A1A770B122CECBD7A5584B907A9AA5F5A6D52623556504504835961D97A1A963B9EC6A80B7220355658BD2A7594114A48228B08CF20A1E2A5FB25A7FCF8DAFFDFA5FF0A99D01AB7E554580C2108DC38EC3F95598E1C558F28023E83F954C88054957228E2C62ACC7164F029C89532C676E40C8EF45C445180467B7AD4F73229B568D10B38E9F5A6B2848CB1C003B5203C038E0F4A5B8D6822826DC2B0C38EF4A012306A48943B019E29CA8093B8104374F6A4E4A1B86E471A798D8C851EB51DD4F6B6D1EE79838CE0ED2383505D4DB247243245B8286F735E5BE29D2AFB51D41EC6CDA6B78E67DA25DFC64FF00160735C989AB5525EC96E6B4E107F11E972789ACE1748911896380077ABD71AADA2A4E9E6C6B3C380F13300791C75EC6B878B48BCD16E228CCB1DC88D00C918DD81CE6ACEA133CB7B05DB5B24134844724C464321EDD39C7358CEACA117795D9514A52491D4699A8477F12CF090A07CB862320FE144772B32E272A92038707A561FF0061C17913289668C6FF003408D88C363B551D3F4CBCD31EE9BED0F3C6CDFF002D392DF5FA7B57038CD7BF4BFE033B134F491D0CF02AA3794FE665B7607F0D52B88C3CD179AA48C64E39C7D6B36CEFAE0CF245E5F9A71BC940401DBAF4A7C12C91DE34976596DE6DA118E576B7F75BF4ACE155CAA5EA46D7EBD0B704A3EEB3667812E62F964788939C8E31D80C7A5729E26F10C5A4C4E8254F3E205404FE75D44DA41BB8D0ADECB0A63E6319C93EC7354758F09E9FAC79325F47E5BC07314909DACB8E80FAFE35DF530F5669A8D979F732A75A9C1A72D7C8F2BBBF0B4BE21805E5F4F2A34989A296DDF0D1B7519156EE3C1F792E9BE44F709716C0AB4595C3161D59FD457A04DA7C7A558AB3289D146249234DBB7D0903A8E838A7DB4E2EBE640A6341B729C8C63B7AD7452A308C79453C4CDCB991C97851EE2D747B58AE516291410A14E57192011ED5D4ADC46A10BB82C7A64D58B786C1E7FDD450923AB90320D54BF892FDC2D860FD9E5F9E3236F6EAA7B8FD2BA52B24933966F9A4E4FA96BCF2F322C3B4AE32C49E455A8C6E0483C0AC88A519650707A301C54B737D1C7A7F9B69234F3ABEC48223CB37A1F4EFCD53972AD4950E67A1AB8206EED8FCA9A1F2C1B39C74AC792FF54FECE33AE9A45C328616C5FE6C671D7A67BD65A78A6D2D2FDB4FBE8A58678C02E410EAB9F522A1568FDBD0D161E6FE1D4EB5986E0491B9873CD397273ED542C2F6DEED44B693453C7EA8C08A98DC38902028B8E580E4D6C9DB6316B5D4B19C8A69001F4A8A0FDDABED52EC724026950B6C01C82DDF156992F4240E54F1CD4F1CDCF39AA51DC27DA4C4159C85C923EE8F6CFAD3B259B739FA01DA9DC2C68AB822B4335848E54F5E2B4BCE1E9542B1398F2C3FDD1FCA85C64827A1C54AC84B003BA8FE54D11AC43246DAC35B8C9117F765B078E69F0C9B63C13F2B7A546D978F667E53D7DE955428C281814ECDEE1B091C0B2238977601DCB9ED4D562CCD8E14703D2ADAC8C157605273CE68488185CBE37124919E953A44ADC8914C719DA07AE4D4D0E4DBA3B90C4F5355A0BA89D732BA81BF6AF3D6B458C622705776DF5158C973EAC76EC60DEADC2ACD1E3F70CDF2B2F2696D34A9008F69FB3B0CEE7001639F73D2B7513319CFCA0F3803181526376001C03511A767B94B4282E9D0290ACA5D8F259CE69F359C72152D1ABECE403DAB45800BCD4683233D055B567603221B7FB2959C0387CEF0473CF4AB3730A25B8C28DD90727D6ADB7CF80A0654F53554E1AF022A1618CB13D01F5ACE30495A23726F7205B1CAEFC61CF4EDC7A54DFD9304B0B24EA183761C62B431C8E06DF5A73E02E7157ECE3D50B9999B25B610A2801338F43D3D6A8DC911ED0CC1907723AD695C4DE5AB16C74AC68A08EE6F2770065800D93918EDC74A8F6893505B95CAF7665DD48D6EACD6C7728FBD1839C1FC6B0E68B08ED68CB134C798CF008EE0FA1F7A926B4BBB596413DC0B9DCE4840B8655EC40CF34B1BE50150B92D92C4735A535745B4912BC76A91ADC4D0794D00EA7239F4207515CF6B53EA9A42DAEA6A64732DC14923C0091C67A67D39E2BAC016E62691997299381CF1F4AC71091646CFCE0B2090B29B83B848339C1FCE89C7B13176270D6FABD98B88D254C9F9D538638EA0D5A8E381E489D5660E54AAB04C6D38EA7DF156ADE336F146DBC93C6E550303FF00AD4B35B49979A394AE571B58FCAA7D7E95A5EE4DCA57609DD14977228230881F6BB375EBE98AE1EDE683C25ADCB796B6F7B716B7C58CAF392DE5B8E48518C9CFF4E2BA7D42CE4B878E7B9BC55B780313D339C7F7BD3FFAD55F4DBEB8B9D39C58491B1084B4970B8757271D3BF1D2B299D34AD67D7B9C56B3A7DCF862F22D5ADE6B8315E339D8BFBB68D8F237762BCE306BA2F08F8B13578BC99A158752DBBC213B44CBFDE5FF000AC0BFD5574E568B5D9DAF1092A264427009208753D07D2B8BFED08F4FD7EE6E34F5296B6F892D99A0C96C8F5E0EDEB8AC6351527CD1DBAA3B9D25888F24D7BDD1FE87D00B7454858A44DDD7039E296DB281B73E598963F5AE634EBE49D21B928AACC8083DC02335AF25E14000E6461955F5AEE735169F73C671E86B4611598AA8058E4903A9A901AA6B316740884285F989EE7DAACA3F04F7C71F5AD2E67B128EA2B42A8DA80CE03FA56A791ECDF9D0E490D6A5A59727E5FBC001F4E2878CC982C73B7A0C77A5B931DB3EF99C26E0A4963EC28865599898B322E4E36F41F8D67A751A4C9B6055CB328142BA321C03B7D71D6A758548DCE0363A0C54AA80C7B40C0F4149CDAD46A372BA2843F23871D483C1A6392437657EBC7357638541C80303B7BD09CF9B95CA83B467BD733AEDBD51A7B34BA987A8DAE6C58599DB2C7868B9C6587AD2695AADD08ADD754B36B69AE182A82C1883CF071DF03357EE6510480B1183C63AE0FA54D6F2F9A372E36FAE6B3525565CD0959F6FF31D9C159AB9603E485C1C75A9F39C7602990E0018E73DE9C5771C8245765AC662B0DC391DE87E4707DA90FE057148F215DB91907D2A5D80574054638FA557584A4FB8312846303F9E6A49240B0F2783DC76AA2B756E2E2448A4FDFC586911B2BC1FAF1F4ACF9AD2B0EDA1A19CB63A0A1893C29CE39A441B63DD83B8E38F4A76DC29CF5354D3033EE94B391B41423078AA202C1132AAED249E00C1AD59582107B004E2B3AE5018F0CC4139C37715938ABDD6E5DFA1CC6B934F15D333C2D25B04073170CA79FCFB5721A4EB37370D247A942F03895954BA6C0DCE38E7E9D7DEBB8D4BCE92D5E445051188277608FF001E6B85F1CCD2CFE17D405BCE2CAFBCB2565740FF003AFCC17EA48C0F5A54DEBCC99A5B4B58E9ADA49842AC8FB537024AF7E7A54B7EB35CDADC4223528CA4286E99C71CFA5733F0AA4D46FF00C3BA7DCEB11C8B3CD186915E328178C8383EBC74AEC2595126C1240C6463A62B7DD195F529D8466DA344688C6C542610F99CFF00FAF3CD36D84B30B88EEDD36236C1B4E793EB5712E23459190EECF40C6B0BC49134B6B15CC3E63F912799F6789F67987A76EA47A1ACDB51760E56CA26DF4F874A956D9639ACE19D9D70CC62DC0678FA1EDD3354754BFB0BCD146A1A45EC10C56E03CC8920512FA9DC7B8E7F2AE2FE37EB17BA5F82ED56DFCCB75BDB8555652519540DC411FD2BC2BFB6AEF64B0CB39951C8DD96C838E957AA5A23A69414B56EC7D13E1AD5A57B8D5EEB57B584692F0A23C8D8713F3F789271D0E31D6BCF351D19AC7528D964444BE76F26D566F31A18F77CBBFB0E0F02B848F5DBC6B592D44EEB6D23066841F9091D0E2BB1F025AB34EB7D75F2463FD596F5FEF7D2B9A71753DDB1E8414682756FFD743D5F4EB8F2D638C9C2280A33ED5D1581556DC0924F7273C5735A7C4EEBBD46E51FC42BA3B15F957D0D7A30B33C491B9037039E4D5C8DB22A8403681EFD2AEC67087825BA015A3D8C996A1059C04E5AB737C9E83F3AC05EA707A0CF5AD2FB41FEF1FCAB296A09D8DA4B0469FCD71B8ED1F7CE48E3DEAFAC6AA38009C714C8A749915A3604151823E82A50E14124E0019359C5452D0D5B6C86573B846ADCE3731A727986553F2ECDBF37D6A9472CEFA9C612D0B5BC8AC64B8320010F1B542F539F5ED8A9EEEEE1B3112C8D8673B428E6BCE7554AF526F4E9FA1D1CB6F763B96331C729769199BB2E78151DC5CCBB418D060903DF158DE27D5EDB43B192EEE4ED0708A00E4B37031EA6B9DF0FF8B6C6F750B1B34BF6BCBA958E23CFCC3039FC060924D615712A32F651766CB8D26D73BD4D8F165F8B73144B966DE09C75AD3D22191E20D32794847084E4FE35E55F103C533D8789ADE3B7B35B9DBB99864F0DFC3C77E7935A9E09F1DC9AB2C369AC5BB59DC1057CE43B51987B64E2B9F035546ACEA49EEF446D5D2E48C23BF53D5E3E1FA827B0F6A954107A66B3F4B27CB4F36612B81832018CD5D39DC3AFE06BDE526D5CF39AB3B122F538E87A5248095CF009E05355BA28503D49A55CBFCA4F4E41149ED602BCD1B48000C55472463AD66EA7135969773710C627B950648D24390CE07CBC9E9F5ED5AEE5CA61B191FAD64EA9238B799643B931FC3C1AC2A4B913925A95157762E6873CB2699682EF6ADE1811A640FBC2B91C8DDC679CF3579C8C0EB5C5F846ECA5D4F04B75E73C855A38F1828BC9C9FA9AECD18152DD72781574A6E70521CE3CB2B15DC63208E0F7ACE9664327C992178C30EF5A0EE6570A385EE7D2B36FE4083F785490DE9512969A3D06919F25C279F3E23C9C61D4E39F7C5727E310BFD9A8B611C6D2920A893E6048E475FF003C5751776E9388CA66163C93DCFD6B3753B4325818095676054648E4FA64F4EF4A3CDAAB97A2699CF69BACC9FD9A673B8B2A80EA5B0AA7BE2AADD6B30EAD6F686C5D9E3C12EE3D73C7F2CD66E96C23BA9E28CAA3C24C6230D9C1031F7BB9F7AC3BD82F7C317715D48F35C6937321592465CFD9980EAF8EC7E6E71818FC28A6DEECA692677B6E2372EB2BEE84A8DD206239FA7F856C996110DBF96AAA8095CF4231DEB034DB849A353198DC3A6E19C118F5CF7AD2783CC92349106117181C75EE6B5E5EC43D7723D7B49B7D5AC8437F6D6B756A725C4E9BBD7A035F35FC4AF85779A04DF6ED213CED31864A2E4B4581C939EDEFDABEA2FB3C92A28329DB923078045396D60BA8A482E15644DBB1908C86AD1094B94F8CF42F0F5D5C069658F6AC6E1195B8393CD7ABF86F4F2B1A4536146060B0E00AF47D4FE1DD90323E9CED6CD90DB5B95E3B7AE2ABAE837B672E1ADADE58F00AB46FCE7E98E295F97568D25539D588349B7BB8982A6D29D1415ED5D1D9C0633B1B0981CE7FA556B35F3E68D6E8B5BC91A9062C025BDF3FD2B5158CACADB3663E5CB752BF4AD69D9EC73CEFD4B370228E4855B29B810BC640E339352C7B8C21B9556E003D4FE15004CC82462C580C0C9E31F4AB3192AE1C7DE1C8AD12696A66DA278E3CC9E5B0DA4738F415B1E42FBFE758DF399A59DCE1990206EA147D2ACFD8C7FCFF00C951762B23065B0D474BFF009065DCD1AE06159B728E3D0D6AF856F35EBBBA68755687ECC23059D50A966F6E7A75ADF961048DC3F847F21562CA18ADE369E666C6000093C0EC00AF37134A105EEE97FCBA9D54A727BF42DC084BA91F7383CF5CD3EE2D629A78A4913732721B19AB1010F1AB282A31C034D9103F193D73C1AB5463C96DC5CEEF7296A9A5D96B16F25BEA16F14F11FE175CE38EBCF7F7AE2BC1DF0FB40F0136A93E916F3C93CEA775E5DC9E63AA923F740F61DF81CF735E8898CB6073DF35CF78A6EC476AB116CB9EB8F5AC712D53A6E68BA49CA4A27906B912DE78A18F92F293B542AB153267DFFCF4AEBBC3DE18B210AADCC20C68776C3D01073D6A7482DFED11654B32E769C6707FC2B774F908054ED3B8741D057061ACB96297A935A4DC9B29248749B96FB29748DBE61164B063EBC9AEA2DB538E53B72430032981C83D0D73F776FBEE11A458F7AAED0C0F506A7D334CCC6460E0F0181E1BEB5D3879CE9CDC23B19B9DD7BC74C83E62EA73939E7B7152B48BBD1549538DC3D0D6195B9B7502DE4DC02E36B74FCFAD393533146CD3A14C36DC677127D78ED5DEABC5EFA7F5DC2D7D8D799F6FD31597A8625B594C4437190323E6F6AC8D4BC47A7DA4F15BDECEB1CF236C500FAF23BF1D3A9A46D7AC16D1DFCC468F697724F38C673532A916B729424BA1CF788DE5D3AD9258E2916F259123558C67196E3247518CD775A36A5F6D80CB831AC64C64375DC3DEBC7BC7DE2AB0B89346BBB690C80978925C7CB1BB602B67F13FA52E93E3AD2B42BBB78AF752800BA9422B4927019BF90E7AFE75C91A8E351CA1AADBFE0FA9D0E1CD049EE7B963A9C75E6B3AF2DE3981DE1BE439183D4D4569AAC373E518D814750ECC878C76C7A834FD424DB128F30024E73D8576B9C6716D6A8E7E569D8A122B3DC9C8D810640033C76ACAD560B39D66BB943AA28DB2152474390463D0D5F9E52AC77C98382C1F200C0F5CD78FA7C54D32FB5FB8D3EC6E126895CA334B9093641DC17D810003DEA6EA2AE68A3764CC8D6BA94E1FF85FE490107729E47D0F3F8575364F33C6F05D85292A10541C8208E47FF5EB91B1775BBF34E76B72238F90CDD0FE9DAAFA4E0CB2972D0BAB040C0E1BF2F4A87746AE3735677D3F44D274F85258E3DA16084CB27CEC076C9E4E056BD9CF11CB3A79A8A39CB67B70335C46A3656F395BBBBB1927FB3B34D0BB20251B1C915CCDF78A2F6D2D261958EC73F7D13722679CE474C7A9AE7FAF35F0C5C8D7EAAADEF4AC7B5C171F68842B4CA91A9FEF025BD8D4CF84B47C7DDC6E18EA6BC9BC337333B2191D6685F9C8F9B3EE0F7AEDE7335AE2569088946E7DB93F2FA8FA7A5453CCE4D5E50FC427838A7EEC8D90E67DC58B7964E00E3D29FD060000F418E4D655ADE99E14740C15FBEDC7F9CD5D8E505970727B57A342BC2AC79A0CE5A94E50766676B2F22DB992140D22F3951C8F7AABA75E89143BC9BDD8027DAB5B67CB83823A5603C0B67AB36EC2C137CE096C053DFF00C6BA22F95DCCA5AAB1D3D994925219B72A8C923E94F89C48D214C98F23612319AAD62CB3F1147218F1C12B8DD579159B0AA3B6302B5E6B9831CA32D827A9EE6B63ECADFDE8FF00EFAAC5762CDE582000431DBDFF001AD2DC9FDDA9BBE82F536A278EE5619216DD1C88ACA47718157591FC9611151285F9437DDCF6CFB540EF15BC65E4F9530BFC86315722C150C0E148CF3E95C2A6AAD46EFF00F0C7535CB143937B4437E377E5546CEDA486EA59AE193327CA8A3A8515A28CAEA197057B1155EE2445D8D22665FE14CF34EB72A4A6DEC28DF61F3CCB0C4D23EDDA01CFBD799EB5A84B73A812A32AAD9209EC3AD75DE21BE5834669A6528CC7089E98AF16D6B5D9E1D4CC10B0C9FBC5082DCF6F63DEBE7F31C53A95634D6CB5FBFB9DB4A2A9D3727BBD0EDD1DA58D6483E4DC3386520E0F6AD5B35643866381CB7CBCD725A1CD22451CB7B313118CE4BB632DEF9E95D8F87F58B6BD76B64C1644DC5C8E1B1E9DCD69848AAAD3BD99C7366E59DB99615120F95BA023B5695B41E5A704FA0EC2AB4776385D8563DDB3CC0381C55C5B8400461CC92633C7A57BB0E45EA8C2D7193C7855C0C807A5733AC5C3594D3CAB14B29505C229E0E3A8CF6E0FE35BDA8DD3C30799E54920DDB711E091EF5024297711218C531003B00383DFAD1369E910B1CCE9D1DAEB36ABA835BD9C88B12B0291E4B9E7A13E9E959F278234A9EC64BCD3E292D6E66425F2E491BBAF04E39AECB4DD3E286C196DFE48506151140EFCF26ACE7CCB506D80D8C3866FE1FA8AE58A5A392E9FD345F334F4D8F01F17784254D38C96DA71FB35AAC92CC1A43F30C1273819CE4F6EC2BCD34CF8757D7BA5CB7562824B40448D1919DC87073CF3FF00EAAFABAFAC6394CB1DD97785947C8091BB1CE0FE35896BA6E03C5E613E73B031AAE091E9EFE95839F23518F5F4DCA755B3CF7C3B75AAF84647B450D77A7DB42AC825972554F00027A01E9ED5D05E78E2E2EADE2F22CDBCDC8DB1C8C003C73C8CD5AD5B458DD1EE591F0308D148B82EA3B7E159579058E89682FCDB4B0A970BF360E727F847A7F4AD2946F26994AA3395D7F5A9BC5915C457CF3DB5A27C8D6F1B1507EBFDEFE55C9C5F0F2D19AE0DBCE2D5950321901DC33D0F5E3E95EABA8D9B5FC52BC61260AFF2B6DC1006324FE751EB1E469D68F7EB01B9B768CEF0704FCBDBE98FEB4D49C5EFA7E6252773C87C3BE26D4FC39ADB596B99B8556F2E378864648E307AE4F1C5775A56B16FABDEC3B640D2E4190E47AFA7515C6E85A968F77248ED2AC30C6FBDBCC5C60E7DEB73C09169F3F8C2F2EAC6E92ED6720197600D1F4C281D71C5655AA395193DBA1D5427EFA4CF47212CE49034F2CDB978538DA0673D3E9FCAAB4965A75C584E975024913A90E0C58CA9FBD923B62B90F1EEADAD785E592EEEACAEA6B7071BED9418957FDA6FA1EF5B7E01F15C5E228A59A331CB640040C41572F8F994AF6C71CF39CD73D2538C76B2FEBCCDEA4937BDD9AFA3E91A6E93A72FF655BC31DA44E0B6D7CAA7439E6B7224F3144D2C85A007010F73F51F85471E916FA85ADD5BDADCC9082773C7105DA471953907A8E335A16BA74EA444A5E5038E463031FAD74C209D9EE73B9B3361BA843C910963050847CCA18231FE552CB208EDDEE118B440672BCE7B66AA6AFA12D94D73F6492286F2640E641CEF1E854FF315269D24AB690B5C6D0E07CCC9F758F6FC3159A5384DF2E8CBE74D6BA934777E62065C15238C1ACDD4BCDB9B8812DCB175915D8E37285EE48FA56BBDB44F137D9F6C72487299C9191EDE873542DC4AD15C3BA62F225309DAFB437427E503FF00D75E851ACE71B4F739EAC52778EC6FDB32C8628E09011C65D3FBA41FF0ABB24D1DBAFEED7730C818E7E6F435950C863B731DB4610150AD21F970DDBEBC55F855F746FBCE51760FCEBAD5E48E67A04B1B98DAE6405028E117273CFAD5CDFF00EC9A8EE523B894C125C3045C19541C13E957FC8B0FF9E8DFF7D5352B6E4B573A10BB847E6229E07BE38A95D77AECE71DE9BE7A1C124018031F854735EC31757C639AF3E15A9421AC91D2E3293D116832C518048000ACDBDD46DE25225954363008EB5CFEBBAAA03B9771DC70141C57197DA8C977208E1995109F9B2093EF8AF3EAE652A8F969AD3B9D50C3452BCD977C6BAE0BC98C36ACB2244BCE1BFD583D339EF5E37FF08CF892CB59964B6BBDB697D73988C83CCD9B872C0F63D78E9D2BD48D95B425E49D3CC47CB9C1E4FD6A5FECF69A5B792D726338D9BB380BE98F4E95CB084DC9CB76F7D0751A692E88C69BC3F677F2DA36A10979AD42F97292586EEE7D09FA8EF57AD74BB6D335DB4D4ED6355D419BECE6595CED8D4E3E5209E739EDEB56B5DBA1A7466CFCB654914F986320151D80F4CFAD548A59A7D5EC219ED04C580467954BB602E3728F70BDBA115D308F2BB37B5BF3FEBF134A5845CAAAD45A6B63A89F55D5ADF50880498C4246889F2F621FF6B27A0FF0AA51789AF6CE7668641789282C8254DAC573F7863800E3A62ABE9D71ABEB9A4B23408D1331486566DBB194FDE38CF6F5EF54ECAF4E9579790234972D7AAA93BBB87D920FE2047F073C0ED5E8B4DA4D3693D7D0A8B826E32A69DBB1B967E3FB06BEFB06A6C2D669137AAC8DC32E3270DD38CFD6BB0D36FA0990496ED1BC47EEEC7C8C578178F6D208ED1C4C915F35B8DC9838C8032A323D79CD795417BE3AB4F2A7D3AFDEC2190AB08ADA4011075058567466D49C64D69DCC71B858D1B4A3B4B63EDEB5B85B853E4E0A393CE38356642A10A050703D715F377C3BF8B6DA15DDCDAF8E7550F0CAC0C261B5C2C2C7A8F979D9F81AF755D492FAD2DE5D3D8DC4376A1E39A2394DA7BE7D2B78CF929F34B57FD6C79CE3AD896FADA4937C7E5164720EF1C90BDC7BD42F6FE4C4B334A40C7CACDF295CF01715B214456C881B3B7807D6B22FE467055BDF81DAAFD9A5AB0DF430B585CDA2CCEEF22A0390CD9209EF8AC3BDB5377A533BB208E2914B16009DA3B73EB91EF5B5AC388ED66550CF853B146016F4159AA8B98629D98891B0A83F89BD3DEB09C5F37BAEDA1AC695D5CC637B7519536104D7059802C005444C7390793CE3A5665CE9DFDB103C3A95C79513B072AA71965E9CFA7B577D2DB09B418EF74F91A290E0228404E4B0501BAE304F38A3C59A5492DB858A3B4870BE648CF186463C7071CF5E734430AA2AF76EDFA9A429D9A5B7FC03E59B8D0E5B5D7AE2385A210860F1F19C03FD3AD77DE17D3AD2CAFACE7859448B2727BE0F5AEFEEFE1A596ABE1CFB71B8993579C990CA1B6AAB3630BB7D07B75AF2E9B4ABCD0AF24B3B8B9B9374642B1090070B8EE70338CD675E128C1DD2D7CC4FF773BF667B15A5D2DD6E462A72A5591B0438FC6B26E3C07A5CDAB7F6AE9F2DD6957DB42C8D6AC0473018C6F8C8DA7818C8C573565777C6CBCD9763C8382D09CA9FCBA56AE99E25B88197CC7DC067EFF39AF26962A7857ECEB2D0F565461898F3D26777A72DB4366668CE21652647FE23C638A9ED6E22963F94BA8917623720FBFD0F4AC0B0F145B3105D842CBCF3C8A9AE75CB3BF122417B6F1C8C9B3701B5BF5AF42962E8DAE99C53C2D44F545CD56D6E6EC303B5A48D4EDC0FBC3DEB2D131118D1186DE81B8C0F4F7AB42E08114515C3491818254824F1C679ED4C654719DD9DC42E41EA6BA23384DE9B99B84A2B543EC199980971889895707393FF00D6AC9D76D185DC576E70F2131B2E32011D187D456A69E143886523E5C9E980DD723EBCD43E24DB1E8E0E4A132A6013C9C7144572D48B13774D12E9520450818B977036919E3FA56A425897DC3F8885278E2B33C3B6F24B124C9200BDFB9C77AD558CC6EEE79466C039249F73E95EA2B5CE392262C5261E4469F73E666E7E63DEA7F265FF009E83F2A623471A23B390CCDB76819CD667F6F6BDFF0042B4DFF8151D0EC4D9B3AFBE768E5C853E5E073F80AE5350D5AE6E279C59C41A048B22531B72C0F419AEDE55CB0F4C0FE42AADC42A63DA41C938DAA3B57975F2B84E4E57D1F43AA1897156B1C4E9F61713309F5272643F73790001EC2A1B4D36396F98A875225259768C57712D940ECAF2E199460023A556100798B846C7DC1C6323D6AA197C20F41BC44998E744646919197E7C7CACB9C9EE48E95634FB2996DE361B1573C03D00AD736E318008CA95C83D05477804764D1A0222589813D4A80BD47A9ADDE1F9354429B93B33CBB5278AEEF0EA56F04B2AB2EF908048FBC47E8056A5E88F534BC7B0F26DE1897CCDE46D223E005CF63D7EB93551A38AC7ED5656F3DC25BA9D841387E3919FCE99A7DAC3792C16D6F0EE89A40649E4258283C648EE2BCEA5271972AEBBFA9F4F88A517152E8B6F43660B04B2B69A1B7BA76D3651E636393D3BFA7B815C8AC69035EBE959292B1DF101C827A9F615DD1B3976DC5AA21F3910E5A2E98E808CFF002AF3DD6359BBD26CA5820967469B066792303807E507BE09AA9CDA77A9A7F5B1CF4941A6A2EEF4FF00872D6B369041E1FBBFB4AE2668488C9C60903F4F6AF1EB17D42E641A7416B34EB950587091A64F24F7FA57AB78A2466F0CDA4B78C16E66C9D83B63A823B64F7F6AE7FC20A8BE6331192C702A2E9D6E56BA1A6369296153BF5FF8072B0785754BAD658DE69E678E394796CA7E5603A1AF71D00F89161B18A4BE36BA75B150D0C6143C8A07DDDDE9EC29DA4C0D3400C871B987CA47238AE9ECED60002BA16C71EF5D11A4E52BA67CDC97295B5896EAE5C25ADCCF0DA16576C121988F7EB83E956ECEEA6891C4CED244471237553E84FA55F3146F14BF2ED250051E95125CC291149D4156E0E2BA152E595DB279AFA58E4AFB5168B539C49922250FD38039E2A969570D73AE5A3EB70B42978ACB6E8EA576FA63D0FBF5E6B4BC445E4D4AD058DBAC902389650485511AFF00789ED9C71DEB5B5DD55B4DB5B66BD097534842C2234C12FDB9CF4F7F7ACA14EF26EFA27F267A94A7C905CAB5927EA88F4E2BE1C875096F2E641A7C1219C2160DCEDE80F724F6AD483516B9F2AE6E542A322BB47827602381D0735CC6893CF2784E6935248891219D55D369E7EEB1C75EF5AB15DCA1AD2F15ADE468C172CF215511104FD72320722BAE368DADB7633A949C9B6F57DCDFB8BA8121559E368D27CA8932081C679F4E3D6BCE35EB8B5BAD6B4998C8AF13A32AB95018E0FDD603B1C7E35B7AEF89AD6E6C447A62ABC573B9246922602104603FA67D05709E2782FA08AD750F283DAA3215B841C03DC119EB9EB5CF8AADA3E5D6C7461B02A516AA68DDED73AE822B59C1B78A081141F942AE3F974AE635FD0EE4CA1B4F8A348C0657DC0B3023918C7A8A4F1024D7FE1BBD8F499258F5051E74324076333A9C85CFA1C63F1ADBD152F60D35049E74B35C28F35A6972D0F19E07F4ACAA5155924D6879BCD2A6FDD3CD7565D76C6378A6D3E493728F9941C9039E3D2B9F87549E473B639237CE0A93CE7F1AF62F17C976D6CB1583ADB4AD1106E248C6C4C8E09FC6B8ED2AC45D5B463578D4EA3182A67420EEEDBABCBA98650938A8E88B8E3AAF5660687AC492EA42DE598DA2721DA56C1CFA015EAFA5148A31083B933D73920FAD73EBE1EB6D4ADD6D9ED91E65215670089081EE3E955AE9B50F0C5D4305EDF8BF8E6CB44C1479B1AFA301D47BF1F4A3EA9692A94B7474C717ED172CCF41863D88832E4273D77119F7AC6F1048B7F30862914B5B8DD2007F8B19C1FC3F9D6136BD772A95B3491DD863795C283EB537867C3EE8FE74EF2BC8EDB9DDCE4B1273CD7AF42152A3526AC7354E58ADCE9348B00630D971B876622BA08E2636E91B9F906381D091EFE951DA43B63C0E0F40696DB4F8A1BF9EF55A56B89D112426462842F4C21385FC2BD3E5471365C4E1811D38E2B67ED8FF00F3CD7F3AC802AFD29414B7126D1B727DE1FEE8FE429A5B6B055C1623273DA9242DE6AAEDF97603BB3DF038C528AD24AE321543142D977676271B474CD0632CFBD98F4036D4F4545877202B55AE232E8E80E0B2903EB57C8CD432A7078A1A04CF1CD567330B84627CC67DB23370C48E0E6B1DF541653B3DC453A48EDB710E420518C1C8FE55DD78CF44613BDF5A5BB4AB21FDFA27507FBC077AE32E74C9A595469B74AE18F1C1E07D3AD7CEB8BA551A96E7D9C5D3C5518CE0FF00E013DEF8EEE6DB54BB3A5867F3A145432A36DDC092D8078CE31CD64DDE9D77E268ECF58D4AE6082173B56D40CBB853C93FDDE457432D8BDC69D0E9D7570904301CCD30408646C639CF3F9570FE26D7B4FD123FB3DA3B305C81B17EF73DBD6AB113529294AF27D17FC039E86112D5D95BF222F16DE2197CA8E4668E35D8A0F6F5C7E3563C231136EE151DE74900652BCA83CE6A1D0FC3B26B621BE9EECC41C06891473B8F209F53ED5DFD9696B6A6072CF0B9C7980B018FAD45184A2F9E7BB32C7E22334A9C3644F61AA451C71BB9C0704A37CDC81C9C71CD6EC7E22892D16E602D35B39DB98A266627BFBE3DEA05B0570044E5610D8DAA9CB7BE7D2B445BAC2112D9364AE0A964C1DBEBC57A10E6B687813B3667DCF88A085AD4A59DDC9E713BC2A80500EE549E86B26E7C41AE5D1C59E996D07392D312E48FA0C62BADB7B048940DA0B1EA48C934FF00B3228C01907A0C74ADD527D599A925D0F3DD7AEA25B5F32EA0BAB3D4A750331CECD048A186E0549E38ED53D8CF717767F669E44304BBBCB91B8E57BFB003F9568F8F74E7934B8EE625DCD6AFBD8633F29E0F1EDC5734A85079ACF22BE32A7A638EBCF5AE1A9EE576BD0FA5C0C63570ABBEBFD7E46BE9F2DB58C5E4D9C91DC59DC9F9AE739DBCF287BFA9CE39AB097E9143769F6D02152C9E788C1079FEE919607A002B975D51EC65B4B68C4905AB30699D63DFD0F009EBCFF33ED55D84375ABAFD9163F2A60DB56E188111C1E09EF8F5AD93EA86D2D548625E89BC4AF6FF00DAAD6D64433AC8A85115B079201C11DBF1AA9AE6AB34766208A6902CA00982390B2E4E791DEABC90451C8F1ACA935BA90CCE06379F419E71585AF6A912DD45B94EDDDF7631935E754AAEA49528EEF73B209420EA4F6477B65A9DB69BA449757CE12DADD37CCF82703A76EBD4574DA56B1A2369D15CBDFDBADA347E6AB3B81B87F33F4AF173773EABA3DC69D7913C88D379D04A0ED2B8CE15C7461CD58D27C3096B0968A292762DBB633E4E4F5C67A0F6AF6A30EA7CAD47AE84FF001035D97C5F736F0E9BF6982C217F343392ACCFF4EC07F5A974FD0EEF559E29F539CCEE8A123F9426D1F87539EF5D7693E1F5CA92BC7D2BAAB1D25231C2D691A2BA9CCF4D8E6F4ED1EFAD108B4BB9E2DC3076B9E688BC3D39B9F39D9E493A9663935DE4166AA07156E3B751DAAE3422B640A6D181A6E9822540EBC1E3A56FC16EA98C015612203B54AA9D38FA9F4ADD45221BB91A9C2BFCAD95CF18FBDF4A82C6592FED2DAE8C57564492CD6F32AABF71B58738F5E0D5E0A3D2942F248F5E9E949886EDF9B3FA568EDAA2C1B1F2633EFD2B46824D294F231D70BFC850287E5876181FC85471C9BC6402173819EF54CA2514B480F6A5A918991923233D719E7148EBBB1EA3A52ED04E70036319C738A752033EF212CCA4711E391EA6B0F59D023BDD32ED53F752B46D8963F95D4E38C11CF5AEA994118351F94A036E6201F4158D5A4A69A66B4EACA9BBC59E29A6F8467992396EAEE6F30F077B16663E9CFF005AD3D5BE1D5A24524F0DBC57B7B9CFFA431DBF90E98AF4AB8B38A28FCC8D19C9E7D4D5978D23D39B7164CE791D6B8E5865CBA6875CB1B394AE701A3E93E4A441E18530AA30AA0056E738AD6BBD26C6E2D0493B060AA7121E724569CF199A28EDEDC1DC482CD8C0C7535A2B6291E5E450C07CC4FBD5430EADA984EB36EE635A5BA2430831E598EDEB820633D2ACB5BAC4E045B72B8DE075E7B9AB443CB72D211E5C5B7807A9F7A8752B4BAB8B554D3AE92D25F315CBBC3E606507918C8EA3BF6AE88C2CAE8C5BD42FD56D2585720B484F1DFEB46CFDDB2062372E370EB564DAC4D379AC9BA4E9B8F2714395595102B12D9C10B9031EA7B568A2EDA937EC654D6CA22F2F198F1821B9C8F435C1EAFA04F6B77E6DBBBCB6C58128C7E7403B293D47A66BD3668B78E9D2B3E7B557FBCBCE36E4FA573E230D1ADA33B7078C9E1DDE3D4F18BF8F6CF23486E21C9385241CE6B26E750B6B58446854107716277367A75F4F6AF5DD53C3D0DC672A0E6B9ABBF07C5B89110FCABCD7974AFF001BB1EC47368B5F0AB9E5B75A9CF744C56F1B11EA46054F61A135E043700975C95F6CD77D71E1EB6B0B696EAED921B7854BBC8FC0403A935AFA5E8B13C514D09568E450C8EBD0823208AEDC2E0E9D1D96A726271F2ACB5D8E474CF0F14206DC8FA5757A7690114656BA4B5D2C00005ABAB66131918AF414523CA94EE665AD9841C2FE15A314181D2AD2438ED5288EB4B193640B1E3B53C254BB69DB699246AA0F4A7AA962029E4F6A5E4F09B49046E04F20548A08208EA2936044B8CFE3834E00F7A7EDC163D4B1C9A4A5613223222CA212C048EA485EE477FE75A5B57D2A8E0673DEB47145845D93A8FF00747F21480D312459951D33B594119041E9E86941E464D55D16499E47A77A8EDCCC233F6AF2BCCDC4011671B7B75EF8EB4E14ECE0649C0A9603C514C2C0018E734E6C95201C67BD4DC00900E3A9F414A783E9C539067191C9E2A0B875499631F7D81E7D295F5B0589016193C723A62A33E6470F971AAB75FBC7814E5C451C6AEE646C6DDC7A9FAE29D82451641728DA5BB44A158E48EA471565933C1C951CE09A7820F4A08CE41E9FCE9D82E41E51F30B923D000300538E030439C9048E2A5EDD29A7211B600643D3776A5B6C04526D4DBB881B8E051B4629523D88A1B0C5475C538D342232B51BC61874A99B38E3AFBD211ED4580CF96DF26AA9B72647DC8C00C0049C86F702B50C5FBD2E59F0401B73F28F7FAD35A339F6A8E52948C96B3439054104742320D392D5463000C7615A263F6A360CE71CD5241CC43022C672DC62B3AF637B8D453CA63E42A678F5CF7AD7DA3A5210076A6E9DDA61CD62A795E5801B8346C04838048E9ED5CF78D3C3DAA6BFADE837365A8A69F6BA74DE748C85FCD9338CA00085DA40C1DD9EB5D284C331C9C1EDD87D2AA37EA0EC336D2EDE38E3DE9DB5BCCEDB31D31CE69E055324548D0C0ECDF291D5AABC4FE602403B73C123AD4ECA08C1008A46C0F615093B85C65348A90D262B410C039AD0C55202B4769A2E21ECD861F41FCAA370CEE87855539EB9269A5F247FBA3F953C356764DDCBBD8981A5C9E081C77CD441A9E58ED38193DAA988901A5CD301E0134B9A431F4D4850B9603E63C67AD00D293C1E6A5A00B82B1465F7602F5F7A4521D73D8D44D02B7DF6765EB8278A9936A8C0E05257EA00005C0E83D29A77994B1202F40A29B2CA1254DA32C78FA52AAE0E4924D09DC1E838D14D763E600A3E5C727DE94F23B8FA55085DA0A9248007AD44181E9F954878E9C1F5C544B1842CDB89663924D2D6E03A92948C907B8A4C7182734C63714D3532AA95249C555499642767201C66926AF603174ED2B54B6F126A37D75AE4B75A75C0020B0689556DCFA861C9FF00EBD6C11CD3CF5A43569581BB8D229A453C8E2908A6218452629F4869886E2A1B783C846532CB2658B66439233D87B54F498A5601869B26E084A2866EC09C67F1A7290E32A723A7E34EC53B00C22940A705A51D4F078A4D88685E6B47159ECD82063F1ABDBAA5B03399FEE3A90C8CA086539078EC6A54941033D6BE5FD335FF0012780B505B3469B4F1C674DD43325B49FF005CDFF87F035EAFE18F8A9A2EA72A5AEAEAFA2EA0C7012E0E6273FEC4838FCEA1686CE27A7ABF15206ACF8E4CAAB230643C8653907F1A9925FC6AD322C5CC83C1FAD3831CE31C63AD5757A90353026A326AB06B8FB5758BECDB3A73BF77F2C54D904E4F5A2C0481A94734C5E38F5A5DC790A47A1A4D0827291151919638140348891AE5A403207DE351C2ECCA4E0F27BFA54AEC326CE690D264D228C679273CF269D842E68A5001CE4E298AD919A0628CE39EBED494D8D3606C33B6E62DF31CE3D87B53A8B008C032E08E0F5CD3022A8C28007B539986E0B9E4F4A2848061EB9A46A711495A086521A7114948069A4229C68A008C0C672739FD29714B49D2810628C52160298D21C7CA3343603C9005319EB9DF1578C743F0BDB19B5AD42183D23CE5DBE8A39AF9F7C7DFB405FDF096D3C2B07D8A03C7DA64E6523D874150D94A2D9EF5E34F1CE85E10B4336B17889211F24087748FF45AF33FF8696D27FE8077BFF7DAD7CFD6DA3EB3E24B97BED42690239CBDCDCB124FE7D6B5BFE10DD27FE82EDFF7CD1629451F5EEBB6965A9DB35A6AF6715E5B3000ABAE71C5796F887E131D8F2784EF95A13C9D3EF7E78FE8ADD457B35DDB82477F947F2ACAB884C6772B1523D2B6714CE78CE51D8F9F6C75EF13780AEFC990DE694A0F30DC8335ABFF00BADDABD33C39F196C6E11575FB3368DFF3F16C7CC88FBFA8AE9EE2E63B88DADF52B54BAB73C1DE8083F81AE2357F857E1FD519E7F0FDD4BA4DD373B62398C9F74359B8346EAB465F123D7348D674ED5E059B4BBD82E908CFEEDC13F95690948EBC57CABAAF82BC63E199FED105B9BD8E33917160E51F1EEB56B46F8C9AF6932082FA41395E0C37D1947FCEA75469CA9FC2CFA956407BD3C38F5AF1CD13E366897215755B59ECDFBBA7EF13F4AEF747F17683AC283A76AD6B293FC25C2B7E469A643834751BB229CA5554E073DB154D64C8CAE187A839A7897D69DC9B1655890370C1F4A5CF350AC9CE7342951D0D004D9F7A5DD5106A5DD4C4484E45266A3DDEF46EA403F279C8A334CDD481B3D78A009540355E599525099E4F6A7E41A8FCB40E582FCC7A9A86A5CD74F4295AC499A334DDD8E29A5C56972471349519906690C945C2C484D21602A8DEEA36B67197BCBA86041D4C8E05703E23F8C9E0FD177236A22F265FE0B61BFF005E945C6937B1E92CE05413DC24519795D6341D59880057CCFE27FDA36F252F1F87B4C8E05E825B83B9BF215E65AB789BC67E349B173737B728DFC09948C7E038A572B93B9F50F8B7E307853C3A1E36BDFB6DD2F1E4DB7CFCFB9E82BC43C63F1F3C41AB97B7D0E24D32DDB80C9F34A47D7B7E15C9E9DF0FAE1944BABDDA5BA752AA727F3E95B36CBA0E8676E9B6A2EAE87FCB46F9B1F89A43B2472D6BE1FD7BC47706EEF9E550E72D3DD3124FE7CD6FD9E91A2E86410BFDA17ABFC4DF754FD3A559BABEBDBFC895F627F713814D82D32781CD1618DB9B9B9BE6FDEB6231D1178028FB28F4AD282D3A6455FF00B19F4A2C07D59729B9863A607F2ACE9E105BA7E35D235BA10A4E7955FE42AB496919CFDEE78AD4E43959ECF706E324F359177A69DC186E04771D6BBD92CE21FDEAA73D94583D69A158E321BABDB7E0379A83B3F5FCEAB6AB69A26B51F97AD6990C99E373C60FEB5D65C594383C1ACDB9B1871D0D3B262BB5B1E5DAAFC1CD02F374BA1DF5CD848790A8FBD3F235C5EADF09FC5560C64B19AD35041D082637AF739ACA2466285D4FA83559AE67B7202CACC3D1B9A874D1AC6BC91E02BABF8FBC2C3CB316AD6C8A7395CCAA2B6B4BF8F5E24B1223BFFB3DCE3A89A228D5EED68FF698FF007A14FE155352F0CE8DA8F17BA75B4D9FEF462A390D557BEE8E0F4BFDA26CDB0351D25B3DDA0901FD0D74D63F1DFC2770544A2F2027FBD1E47E9595A97C29F08CC1CFF6608C9EF1B95AE03C45F0BF40B3576B67BE8F1D00981FE62959A294A32E87B95A7C5AF06DC36D1AC471B7A48A56B5ED3C77E18BA19835DB16FACA057C57ACE890594A5629EE481FDE607FA573D2968C9DAED4AEC7689FA0A9E23D2240366A96473E932D4C359D388C8BFB53FF006D47F8D7E780B99870257FCE94DE5CF4F3E4C7FBC68BB0E589FA1DFDB3A7FF00CFFDAFFDFD1503F887494CEFD4ACC63D665AFCF7FB65CE3FD7C9FF007D1A619E563CC8E7F1A7762B44FD0297C63E1F8799759B051EF30ACCBCF897E10B6E65D7ECBF07CFF2AF84373375663F8D5BB4B38E7601D9F9F4340591F63DEFC6DF04DB671AA34C47FCF3889AE6354FDA33C3B06458585EDC9EC5B082BC3B46F07E9F78AA6692EB9F4703FA5771A6FC36F0F6C56922B890FF00B72FF80A034EC59D5BF691D4A4C8D2F47B687D1A572C6B8DD4FE2CF8F75E2C90DE4D1A37F0DAC5B7F5AF45B6F08E856383069D0023BB2EE3FAD5B9228EDA3C41146807655028B0B98F17FF00847FC5DAFBF997AD72C1B9DD7529FE46B5B4FF00865B407D56FC281D5221FD4D74DADEB7790BEC8991474CE39AC39A79EEB99E795FDB7714EC1CD72EC5A5F85745395892E265E858EF3FE14975E2694A98F4EB65893A02C3FA567A5B47E956E1B58CB8041C51603324FB66A0F9B999DFD8F007E1576D74E08000BF5ADBB6B4880E0118ABD1DB478CE0D160B9910590EE2AF456601E80D6A456F1FBD5A4B740475A6173362B5C638ABDF65F6AB8912FBFAD5BF257DE9D8573FFD9,'210 г.',234.00),(2,'Греческий','Огурцы, помидоры, сыр фета',1,280.00,NULL,'210 г.',126.00),(3,'Оливье','Картофель, морковь, яйца',1,250.00,NULL,'210 г.',112.50),(4,'Нисуаз','Тунец, овощи',1,320.00,NULL,'210 г.',144.00),(5,'Салат цезарь с креветками','Листья салата, обжаренные тигровые креветки, спелые томаты черри, хрустящие крутоны, сыр Пармезан, заправка соус Цезарь.',1,580.00,0xFFD8FFE000104A46494600010101006000600000FFDB00430006040506050406060506070706080A100A0A09090A140E0F0C1017141818171416161A1D251F1A1B231C1616202C20232627292A29191F2D302D283025282928FFDB0043010707070A080A130A0A13281A161A2828282828282828282828282828282828282828282828282828282828282828282828282828282828282828282828282828FFC0001108012C010B03012200021101031101FFC4001F0000010501010101010100000000000000000102030405060708090A0BFFC400B5100002010303020403050504040000017D01020300041105122131410613516107227114328191A1082342B1C11552D1F02433627282090A161718191A25262728292A3435363738393A434445464748494A535455565758595A636465666768696A737475767778797A838485868788898A92939495969798999AA2A3A4A5A6A7A8A9AAB2B3B4B5B6B7B8B9BAC2C3C4C5C6C7C8C9CAD2D3D4D5D6D7D8D9DAE1E2E3E4E5E6E7E8E9EAF1F2F3F4F5F6F7F8F9FAFFC4001F0100030101010101010101010000000000000102030405060708090A0BFFC400B51100020102040403040705040400010277000102031104052131061241510761711322328108144291A1B1C109233352F0156272D10A162434E125F11718191A262728292A35363738393A434445464748494A535455565758595A636465666768696A737475767778797A82838485868788898A92939495969798999AA2A3A4A5A6A7A8A9AAB2B3B4B5B6B7B8B9BAC2C3C4C5C6C7C8C9CAD2D3D4D5D6D7D8D9DAE2E3E4E5E6E7E8E9EAF2F3F4F5F6F7F8F9FAFFDA000C03010002110311003F00FA3D67C95036FDD1D547A54C243E8BFF007C8AA93C4A5D5B2410A3A7D2ABC97461203F03D6B7B181AA1CFA2FFDF22AB5D5D989870873FEC8A852F1193AF4ACF9F7CB74AEA72BE868B0EE59589EE6E04D36DC2FDD50A2A5BDBE165164A823D020A9631B56A3951259016E48ED408A71DECD74A4AC406471F28A9AD0DD8848904609E9F28AB114423C88C6054EA450025B44CB8690AB3FAED156518F60A07FBA2A3C9E29E2A59489C1F65FFBE45049F45FC8534118A0B8A43024FA2FFDF229BBFB00BFF7C8A19B3D2A31C1A0449B8E3A2FFDF2290B1F45FF00BE45349A4CD16014B1F45FFBE4534B9F45FF00BE45293C52601A0430927B2FFDF229A4B7F7571FEE8A9801DA90E298588B71F45FFBE452163E8BFF007C8A92A3614C0859CF60BFF7C8A89989ECBFF7C8AB0C9C546C981C5324AC58E7A2FF00DF228393D97FEF91536DC0E69A7E94C085891D97FEF914C2FECBFF007C8A958035130A6037273D17FEF91485B03A2E7FDD14A4531BAD02217739E8BFF7C8A8F27B85FF00BE454AC383EB5191400DC9F45FFBE455B80FEE9785FF00BE455326AD41BBCA5A406ECA8D91FEE8FE42AACB6FB89DFC83DAAFC84EE1C7F08FE5556E1F0A71D69228C5B8B616ECEC9939FE1CD26897292EE4E8E0F2A7B55C16ECFF003C80E6A8C90CB1DCEE86320FF7B181556036CC6581E483ED491DBEC6DC5893FCE9D6FB8C6A5F1BBBD59038E690C630CA002954714E3C7A5452B8452C582A8EA49C014809C0029720570DE21F89DE13D05CC77BAD5BC9723FE585B7EFA43ED85CD603FC56D47515FF008A67C1DA9DD29FBB3DF32DAC7F5E79A96D14A2CF582C29A18E4E0135E4126A7F10F541FBDD4B45D1633FC16B01B8907FC098E3F4AA927852FAFCE75BF177882F73D5239C5BA7E48054F321F2F767B15CDF5B5AA96BABAB781475324817F99AE7EFBC7FE13B1245CF88F4B423A8170AC7F4AE0EDBC01E1885C3BE98B7527F7EEA4798FF00E3C4D6CDB685A4DA902DB4AB1887AAC0A3FA51CC1645E93E2DF82D384D63CF3FF4C2DE47FE4B50B7C5EF0C7FCB35D5E6FF00AE7A6CA7FA55B8E38E31848E341FECA8152A3839DAC0E0E0E3B1A3998B4331BE2EE823FE61DE213F4D324FF0A07C5EF0F81F3D9788133DDB4B97FC2B5C31F534E57CB11BBE61C9147330D0C71F18BC279C4D3EA507FD75D3E65FFD96AD41F16BC0F29DA7C416F137A4C8F1FF00315A18CF500FD4547259DBCC312DB41203D9E307FA51CCC342DD978DFC317F8167E20D2E627B2DCAE7F2CD6CC37704EBBA0962954F7470DFCAB87BCF06F86EF73F6AD074C909EE6DD41FD05654BF0C3C2C5B75AD8CF62FFDEB3B9922C7E4714EE2D0F4D6979C537CD1F8D7992781F52B2E745F1A6BD6A0744B865B94FF00C78669C17E2369BFEAEEB42D7231FC32235AC87F119155CC856ECCF482C334C6719EB5E747C7DA8E9DC789BC23AC58A8EB3DA817517D72BCE3F0AD6D17C77E1CD65C269DAB5ABCC7FE58BB79720F62AD8354ACC4E2D1D593DC9A8D9AAB19CB1F6A5F33355624989E94C6E6985E93713400EC5318629D9A69345806102ACC07F74B55C915660C794B4126DCEE030E7F847F2151E371A1509605B9240FE553AA81506A47E5D453C25D4A838156C0F4AE0BC65F14BC3DE1CB83A7C0F26B1AD1E16C2C0798F9FF00688E17F1A2F61A8B7B1D8421A30173BB15CD78AFE22786BC2C366AFA9C42E4FDDB583F7B331F40ABCD796EA77DE37F18337F6AEA0BE1CD2DFF00E5C74F6DD3B2FA3C9DBF0AB3E1FF000B691A1B6FD3ECA3139FBF3CBFBC95CFA973CD439F629412DCBF79F117C5DAFB6DF0B6829A55A374BDD58FCC47A88873F9D654DE13BDD69C49E2FF0011EA5AB13C9B78DFECF00F6DABD47D6BA94524E4E49AB11C66A1B6CABDB633345F0FE91A3A05D2F4DB5B5C7F1246371FA9EB5B28188F9BAFB5489171D2AC2C0C704363D78EB4589B90C71E3A0F7A9963AB0B0D48B171CD3B0AE5754A90254B144CBBB7BEFCB1238C607A54800A04574424038207BD48B0019DAA064E4E2A61814E14C4316234E111CD3B341622801EB1D4823A804A453BCFC7A52026D8297CB1512CE3BD482653DF14C43B651B05395D4F7A7820D0046011D09AC4D77C29A0EBCA46AFA459DCB7691A301C7D18735D0850697650079B3FC3DBED2897F07789F50D3F1C8B4BD3F6AB73ED86F980FA1AAF27897C53E1E07FE12CF0E3DC5AAF5D43472664C7AB467E61FAD7A87974814A9CA9C53526877BEE71BA078BB45F1045BF47D460B961F7A3076C89ECCA7915B6B70BDCF3595E29F87FE1CF11C9F68BCB1FB36A0394BEB36F26653EBB97AFE35C8DD697E38F0882F6B22F8B7484FE16C457B1AFF27FE75A29AEA2E54F63D1BCC0697208AE1BC33E37D275E2D159DC3457B1F12D9DCAF973467D0A9FE95D325E7D6B425A6B734BAF4AB50FFAA5AC8FB50C75AB704FFBA5E6912CEB5F823FDD1FCAB98F1B78E743F065A09759BA0277FF00536910DF34C7D15473F8F4AF3FF1C7C5C9EFEFA5D13E1BC71DEDDA00B71AB48336D6FC7F0FF7DBF4FAD72BA178761B1BC7D46FA79754D6E6E65BFBAF99F3FEC03F74573B9DB63A543AB34759D7BC5BE39CADECD27863407E9676CD9BB9D7FDB7FE007D2A7D0B46D3B45B730693691DBA9FBCC39773EACC7926ADC6A4B7DD777C16DAA324E2BA1B6D2561884972426EE42F7351AB29B3321859BB55A8ADD830C80571D7BE6AF90B9C46802D4B0C47246DE9DFD6AAC436430C1C74AB09036F0436063EE91D7F1AB0B6EE5A328FB541CB0DB9DC3D2AC5ADA1883EE91E4DCE5BE73F773D87B502B91471E7A0FCEAC4719006719AB0A801C60E7D69E5700138C0FD2815C8550FA54777343676ED35CC8238D7A93FC80EE6AD8504645719E2E4D46FB5FB4B0D3A478B10972C3A2E72093F80E2B2AD51D38DD2BB3A3094157A9CB2765BBF910DEF8D63F30C7616CACDB88CDC3ECC607523B565C7E3FB812006CEDD867E60188C738EF595E04D3D6F7C4AD0CD689749016126E700AE0E37119E6BA3F11F87B45659AEADE360FCC6C6260115BB6EF4AF2FDB62271E752B1EFCF0B83A7254B92EDADF7FD4D4D0FC5DA7EA930B67DD6D761B6F96E7218FB1ADBBDB936F1B1442ECA39503273E805701E15D16D57C571CB6E96A6D9541F2CDCF98CB2019CA9EFC8EF5DFC76DE6FEE8E71927DE8AB5EBCA3C97B3EE8F36AD0A34E778AD3B325B6924997718CAE07A56535D5FC37812E85B2C25BE57F37923D718ADB4431CB852E3033EBD2A9EC7BB9E437F19B7F2B927821876C1AE771A8DA53935E666A51576A287DCCD1DA5ABDC4EE5E3519CA8C669914EB2C4920C80CA1B07DE9BAC4D6B77A7432C41BC94C8C15C038FE75951DF0703040CFAFA57A3829C9DEF2BAE873D651D2CACCDB0D956DBC9033EC285604020E6B305D6F88C608557C02D9E7152C5728F288E05628072C7802BAF9ECECCE7B1A0188E869EB33AF735551F22A40F8E7AD69711756E8AF07D2AC4770ADDEB2C1E393934B9F4A62B1B41C30E39A7E01AC649994F5AB515D7AD3117592AAA40F1C933B4CCE1DB72A9E020C741FCEA749830EB4E383401C678D3C09A1F8B143EA36C60D41398AFED8F973C67D770EBF435E77A8CDE2DF87C71AFC6FE20F0F2FDDD4ED93F7F08FF00A689DFEB5EE4EB503A900820153C107904534DAD877E8CF39D275FB1D62CE3BBD32EE3B9B66030C87A1F423B1F6ADDB7BDC42A335C978BFE18345792EB9F0FE64D2F563F34B6678B6BAF62BD14FBF4FA5717FF000B47FB309B2D77C3FAA5B6A709D93C491E555BD8FA77FC6B68D48BDC974DBF84E9B4CD36DB4DB486D34E852DEDA300EC41D78EE7B9F7AD8B4B732301D0510DB92C38EC3F9569C1185D8A411B8E0715C891D0D972D0A5AA81020693FBC7B54EAAF2B6E72493DCD11D9F98002587BA9C56925B93B704AE0E4E3BFB5590D90C36DED57628063A54C918C715322532062458ED5285C548995E9C5010027B9273CD20230A724606DC7069C46052E183156E9EBEF48E46D24E368E79F5A4DD8690D3CC838F971C9AF3BF8917B71A56B369796B232663C1C1E0907A7EB5E892707E6EA6B99F1BE8A35DD164850849E3F9E263D33E9F8D7362E12A94DA83D4EFCBEAC68D7529AD367F3395875FB17D2A2962BBB4173180D39F2C4723F232063AFB9EF5646ADFDB16B716C92C5685D7788A68F6065CF1C8EDEE6BC6356B7BFD38349736D3C512C863DEE842961DB3D0D5EF0C68DE22F145CA2E9D0C9F6790E1AEE5C88D00EFEFF8578F0C4D69E9289F475309462B9F9ACBBE87BAF85EE2396F0DB7D9ACCCB6D6F95783AAE4EDC30C706BA9B722462BB5C2AF7238FC2B0BC29E14B5F0C5ADC3C0DBAEAEA2884EC5CB02E8082413CE0939C56E5BCB1459112804FDEC1E87DAB45884AB724DA4FB1E16214677953D512C323338643940704F4FC8536F6279A02AB29400924ECDD9A8AE6628A3ECC06F639624F3595AA78823103DA452289C0D8FCF249EC3FA9A3118DA34612755DFF5F2465470D52AC9469A33AEBC45A15C5B496126A624B8525461482A474CD73D1CB2EC46405A26E4322920FF00856B6A3A6DB5D699279F650BC90C39C3460B60F1953DAB1ADF48B6B5B58E2827BAB760BE628321240F5C1E4738E2B869E63569C799C559DBFAB9E8FF0066C2A68A5AA34EDEE0E7E62463D474AD1865575C37435CBC6D753BFEF6E5A565621242DC91DF69C723D8D4D65AD67508EC6E63314ACA76BF4121079FC6BD0C2E714311250D9BEFFE67162B2BAD41396E91D6DB9551FBB076F6CD59320542705980E00EE6BCA7C67E3AB9D2B5A4B3D324506103CD0402189EC6BA1F0BF8D3FB431FDA31242180C3479233FE15DAB1B4F9FD95ECFF00033596D7749564AE9FDE76E8C4460BF5A7679F6A8609E39D3CC8245914F7539A5DE09C719EA47715DC9DCE069A270D4A0D570FC7A5383AAA9662001C934DB495D8AC59494A9201C91D455A8AE7B1ACF8DC328700807D69D9A62354480E39A08CD508E62BF4AB51CA18502074E78A9A28E378C1786376EE594134D3CD5A8101896803CEE2B405D091CA818FCAB56D2DD86738C678C7A7BD4B14182BC761FCAAF2C6C233E585DFDB774A4916D84317156563C91C9E3D29B01762F988C615F0A490772FAF1D2AD28C71D3B53244D9B54B310001DE9EB8203738A50BD38C81EB4F4914A9F25959C36D38390BF5F7A4035594AA10490EA4E71D3D2840700B704F38F4A7471EC046E2DCE726964C80BF2E413D738C52188AA5E520F619ACFD4A3924B190FCB2AA9271D0002ACCF711C6247DC063E52473525BCC896839CEE19AF2F116AEE54EFA58EFA37A494EC60453DC5CD9462175572BC33761EC6993EBD6B6B2CB63AAB44AC220C1D33B0E4E307D3EB5B6205936B44AA01E0E2B91F19F853CD125DDA99A56500BDBA757278EBFD2B9B92B52A6ACEFFD7446E9D1A936A5A1A579A3DB6B3631584857EC6855D78DC720E7BD6FE9DA7C368BE459468899E806001DFA563F83EDEE2DF4D8E1BED915D440232236F1D3819AEA4466DED99E25265DB81BBB5775249479ADA9C7524EFCB7D0C3D7AEA3B773107018F4C5707A878866B0BB6FB46F48D4ED0CDC6E38EDEDEF5DD4DA0CE6F56E249D265241FBB8C7F8D61F8A3C16FE239A0B85BC4B69220632766E0C9E9D4639E735E46332D5896EA38FBDEA7451C4BA4B956C739A4788EE353D51161CF90A70C41E07D6BA3D3741D3AE6FA39376F9E06F30C8060F7CAFBF35C0E87A35D786BC75B6FDD664C8844F1A908772964CE78DDC57AD68126ED3CEC5579558AE5303BE79FCEBCDA18451C44694F55ABD753D1FACCBD8B9C347B684D30631CA44698EAB91838AC0BB82D879F76B6E5DCA955319C727EBC574293477224400AE33B95B8FC73593A9C2A6C0854193F3202D8E4715ED55A7ED2378BD0E0A751C25A9C85D6D81C4EC4DB6300C87A73D3BD720A90EADAC45AE5CC0CA6DDFCAB791800D22E796E0F03D8F5AE8EFF4C9F59B98ED63CAFCE55A427B63D3D7DEA8EA71A5AC4967180810F247B715E3E170F28D6E65DCF62BD753A7CB27D0F09D6F587B8F10EA334990ED70E4861C8E4F15BDA1EB85E4891D9827A038CFD6B2FE2769BE46ACBA85BA39598626207018743F881581A77DA0A79888FE58EAEA32057B552829C5496E74E1ABC5C397B1EA03C637BA6DF79BA75C188F461FC2C3DC5773A0FC50D3EE7CB8EFE0686E18856915B2A7DFFF00AD5F3F3DCB79846F071C641C8352DBDCED71D38A9A2EA50D62FE44E23074712BDE5AF73EBC13AB118753919073C63D6A48DC48A0820A9EF5E3FF000BB5CBF963960BA98C9671AE143F254FA03E9ED5E9705C091703207E55ECD2A8EAD3E64AC7CA62287B0A8E0DDEC6C870FC673B4F4CF7A995EB2EDCED6623F88E6AEA356CAF6D4E665B561F8D4A8D8E86AAA3735329A605D8A5CF04F35A96E41856B0D4F4F5AD1B790885450233C4615D477DA303F015622404F3D299124659E48B692E002DD79031FD2ACAAF23D290D820FDF30FF9663A1A7659C48A0155CE01FEB5228E29C0738A2C02200319048A6C49B73F285C9C9C77F7A940C726A3CC84EDE1989E303A0A52928ABB1A571E9B998845C91F9550B9BD84C326F9763C5C05EE09ABCB20B78D8B3607F335C5789AFC4122BC71BC519E7714FE47F5AF0B30CC254629DED7E9D7E47A385C2AAB2B15AD2FAEAEF562BE4CEB04ACC4238D9BB6F7C1EA2BA39E55890EE62303A0AF3B6F105DDDA288255DB1A061346A77AB83EFD722BA2F04DDDE6A7A6493DEC4EEC64688391F2923D3DB18AF270955294A14AFAEBAFF005DCF531749A8A9CADA76376C5E650AB0C724A92B06122B7DDF623B1AD2D40BCB6B22440EF65E9FCAA8F8762BE5D42EEDEFADE6821520C52B636B823A2E3D3DFD6BA71188A3D8A559B1D7B9AF6B090938599E5579A52D0CDF0FE90DA7591599C34CFF003BBFB9AD6320382A371C532329E59564CE39C9EB483685CA9DC7A6E3E95DF14A31E55B1CB27CCEEC23611C2CCC3E5EBFFD61595219E4CACCF14709C9C479CFD326A86AD30924922B8BB0885B6F929CE067A9EF93507949767FD0F509A368F6C655886518EE47AF38CFB570CB1D0E6708EAD79ABFF5EA76430AD4549F5F263AFF004396F6DE1690DA9B9575766752C1703F87DFDE85F3B4586591B74D0B1DC467E6E38247F856B47BFCB08CDBC28019CE06EE3A803DEA84E433F92C32A7A9344E31BAA96D470949DE0F63361BF82F2DDAE85CA0863CEEC1FBA7DEA449FED3948E2DD14872AC0704564F8874188DB493E90AB05C101082490E0763CD4BA0DEC779A541E596431FEEE44EE8EBC119FF003C1ACA942519F23FF872EAA8B8F3C7FE188F519EDB4D73737F2C313C67CC48F39E09C67D6B87BEB91ACDCB4F6D67E4AB7595DC82DD81C7D2BD01BC3D6177A8C5797B6F1DC32204432127B93C8EF543C43E11B1D4364D019E0FB2C72085617F94B11F2E47B1E6B3AB85AAE578CACBF134A589A305692BBFC0F3E4B4B682F824931915D4AB2939E0FAD70DAEF86AF3C33AE25EE8A922E8F7472AE325226FEE37A29ED5E95A3E952B69731BAB774D421042FCB8246323F9D6A69B0C5AAD8C9637EBE640E9B1A361F7B8E98EF5AD19CA29296A632AFCB2728AD0F9AFC642D6D3570B66402F1879557A2B9EB8AA7A3A497770B1C63927927A0FAD7A87C44F8536B6ED04DA133DBC6A48963999A4EFC61BB0F6AC2D2FC3735888C484297FBA579FD2BB94233474431D28C743B2F0E29D3AD2286D54385E4B13D4FAD775A45DC92A969362B640D80E4D72DA2DA1D8A185759656E8082636DE3EEBA9AE850E5D62799527CEDB91BF6CC48ABE878ACEB6054727249C9ABA84E40C1C0E735BA673345B46A991B9AAAA6A55381EC29925B06AFDBB7EE579ACB46CD68404F94B40165C2895546589519C0E07152201DBD69C461F81C607F214A1474C5421870A327803BD39506E27BB7526940A785ED5432371F3903EE8E73EB514870095C824EDC8A9243D81180486AA57D776F1C514172C37C9F3C6A1B05B07F3E38AE4C54AD1B1AD35ADC74B6C2558A2918925B73007AFE354F5AB71B950F2806086E735A36D1EC7DEC58F4017AD56D665F2F3950DE849E4578799D282C3393D0ECC34A5ED12453D1EC6C126655B6B70587EF1BCA1965C70335A57F1CA3E6B518862401228D783EC3D2B91B992E2D1C5F69CCCD244AC1E151BBCD5EBB4678073C83FE35CFEB5F139B430B7096975A8329CF936EB9122E3D40383F8579F87AD19A545DFDEEDFD7CC2AA95DB67A4092793626EDAC7E620039C55FB3791E6904A8542E36007391EF5CF7817C5BA678EF428F54D3E39A1C1D8F14C855D1BD3D08F71C574F6D3DBC972D6F1CB1994207280F3B738CFD335F43429FB37672B9CCDDFA0F815D2362FBBE6627A741E9552EE611C7232F381D7FC2AECEC0AFDECE0E704F4AC4D764C5B05848C92063B83D73EF558AABECE9371E8874D29492672D22DF6C98C66055673B4AA92C493D4D36F248469FBC395BA42BBB2794F5E3B8AB5AA5C5BC305BC692049588EFCE0725B159DA8D9DD4F248CCF16C70143EDF99875CE335F0D6695B77FAFE87D7536A4937A7EA7516EAF0106276788F419C8FA8AB2614B9B62CA4EEC1191DB15E609ACDFE8324D0B4ED716D8F911CF2A47F74D7A059EAD0CBA6D8B428E525843820725B8C8C7E67F035F4384C445E92D17EAFB1E562A84A1AAD5FF005B998B77B18C2CFB9949249E315812CA2DB5D9E080049248D67C8E011920E477FF00EBD68EBA56D6EDA653B55B8C1E4934DB0D3C5EDE43792A3F1F2162319CF41F9D7553936F956E8C6A462A3CDD19B762165DAC7F2EDF95698FDD3C6A0120F030A6982148E704307948181ED56A575810066C91EBFD2BD1BC6316DF43CD69B7A1CFEADA71C816403CEE4EE690E08FA7BD65DD69738831F6AFB34C4861E5A82473CE40ADBBBD662699E2899448BC64F6ACADF2CB72A708632B9666EB9FF0AE19D4F6BF01BC6972FC416FA6473C0D0DD9F31892CCE73F3123A9AC3F16F871196C3EC160DE627CAF24401032475EE4D6D452A43036E11C6F33E42A9EBDC8A945E17B79016753C1017A8E6B4A557D97C467529DBDE8EC73777A6A595CA469B995903124F239F6FA55D8898E366442EC06428EA7DA97C47E6C171118190B3C7D09C9073D71F8D55B29C2AA2E5C8C64B38C1CF7AF469D657B3D0E76AE8DDB71B946782064AE7A55885D5C655832FA8ACD4C4A08619423AE7AFB7D2ADC24AE02ED1105002E31835D11BDF53365D53529702360809931C7A035021CFE753C4327A67154C9244E140F41DAB42061E52F5ACABC99238623106766902ED1DFD7F2AD3B624C2A694657D81AB1B2E06E071CED03F4A6ABA33B461D7CC500B283C8CF4E2A471F30FF00747F2A6AA2872E15433632C07271EB490C78148EDB36EDC9627F2A70A1AA9A195E7C244420009E07D4D568EC53ED26493F7991D5F9D80630ABE83233F53561BE7B80BD946E3FD2992DEC51CAB19750EF90013D4F5E2B86B4939EBD0D609A8932284767CF0A0F7ACCD7487D3D65E06FE73ED57EDB7DCDBC801C1638C9F4AC7D726135FDB59C27E4C807D001D7F2AF1739A8BEAAE1FCD64BD5B3B3071FDEDFB17742D2E392D8CD301B646DE02A6DC9AD2B6D3ADAC00FB240916C5D9955C1DB9CF5AE4F54F13C8D324762ED15B46C32475700F7F415D84B7290B2CA1C162002A5B391ED5B606A50945A86BCB6BBEE655A32BDDF510C76E9132C30C483014EC50381D3F2AA565A6DB433C32DB46A8CAC4F98A304E7AFE06AFDD4714B68648885CF271DEA869FA94136551C00B91D7BD77CD53728B9DBC8C5276D0D4B8542E300E40E82B275129B118C6B221F908EA47D6A5FB629593E60AA1B69727AFB566CF790A4D3A3060BC0E0679C75029559464B7DCA8AB1C5F88E4B482F85F30DA657447538C01EA3DF38A78D6ADE5B65FDF2449272AD271C55FD622B4D42792DE4C9963037E07183D00CF7AA72F84D6368E56B89D9BA47079836104F70471F857CE57C0CA5293A7F33D9A18B828A8D47B6C7337D0AEA11C8A595E60D81B7B0F5F7AD9F87D7379368370B6EC9BAD2791628E45CE71DFDB926B23C59F0D2EF5BD31ADED6FCD95F4A4991BCC389101181C700FBFB55EF86DE1D9747B94D2EC0DC4968FBE496E257270CA00C64FAFB715D0B0D2A54D28FC5E44BC5C6A4F5D8EA069F06B5E4CB708F953920F1F30E706BA8D3ADE3494471A84C2EE638E0FB0350E9BA3C90CECD24ED2459C8DE791EE2B5A52BB718C227AD7A580A538C39AA2B4BA9C389AAA72B45E9D0CE9EDE2B3592600EF231BC2E5BAF15CAEADA879F2EDF38A2050ABBC81F5E3D7DEBA0F143EDD396E101755CB043DDB1C035C4589371147305FDEC8380FF00C273827F2A55BF7B53D9A568AD7D4BA29423CEF7FC8BBA841652886468994C983BA3638C81C93ED55EF6EE2645580A798A323D71EC6A4BB81AE2D9EDFEE8907979EE07B7E359A2DE186F3ED2D8F282005CF27E50548F6AA9C1AD8952BEE4CB385CEE932DCAAEDE7F2A8E59366F95CE2348B7E09C631EBEB5567652AEA8381187FDDF2D8238AA56773712E9892383E7AB0423191EF9F7ACE5AE8C76BA65E96EA2D48196DB69919480C7D2AA497334170B094CCAEB9041FBA3D49ACD7B0BBD2B5D930447148DE6C43AAB2B1EDF8E78ADD8258863EDF1AAAAF2723036D4C2ACA9BFDEC5DBC8E17A0BA7DCC896E524898DC3C87E50DC01D9B3E9ED5A9690DB5A35C3DB465249DFCC91464976C75EB8159714F0BCEED6A18439F9413938AD48189C1CE31D6BDDA74D463644B65F5942C91AB1219F8518C8E39EBDAADC6DF336D2C38C67A67E9540A79D0BC659D030237236D61F43D8D5C806155412703192724FD6B53327450A1428C01E95A36FFEA56B3D79C60F033F8D5F807EE96811B6CCC653F29540AB8CF53C53852B9F987FBA3F90A074A51431C0531B7176E30BDA9F4847154CA295E131594B2A9CB33707D3B579FE997C67F10CB7974E891ABFD92D91CF2D29CE157FDA2031AF40D426F2A02A632E318E2A8DB369B6D6E677587CD2FE6E36E4ABE31C7A1C71F89AF9EAEBF7B2E7764BFAD0ED87C2B955CB9A8DE43A6E9E1DF82A8553D79AF3DB3D43ED5AB3D8C3C5FDE29432F55853049CFA9238C7BD58F196AF35D47E6AAF9689858D4F5663FE735E637D7F30BB58ECE468CC6DBFCD070C5BD735E262EB7B6C4A94D7BB1D96DA757FE47D16599746741B6F57F9FF00C037752B6D42DAFEE21D6276962B5604A4042AED638538CF3CE3835D8BF866DC787105A6A096B385766BBF2363C88727079F907D3B0AF384D5EE3FB523BFB9BBF367DDE6069C0625D470368E71D2A5BBD63C43AA58DDDA5C5E8B1B5BA91A294480318C13F392C39DBCD76E12A51A6A5EEE8F6FD3FAF23AB1D84AD28C141A56DFB79E963B0D27C6175A0F832F6DF5DBA8EF844A7C9BE8E407E4C747EE5B39E7BD737ABFC44D3EDBC1E2D7489AF21D5022AA4FE58C2FAB1273C638F5AE4355F0425D6AF243677A97C1AD7303DA210B2B81B400BDD410033678CF35C8F8FB49D4B4B894C305EC76242A6E78B60DFB4642F5F9474CF7AF41D39CD257D3CCF9DAF4A09B92DFEE3D3BC19F14B504B9874EB8165A8DE32121C031E40E482477C77C57B3786BED970CF7376D033C8ABC42B850DDF19E4F18AF90BE12E8BA8C9F10342959664B679824932904A2B0239073C648C8AFB596316F69888AC8EB8DDB3E519ADBDDA4D26EE79D37A9141686DADEE259D91DC4864C041C0F4C9EBF5AC2B896FE49E77B47B7FB38FB8B2A33738F51D2BA08E3DF123CA877464FEEC7CD593A8DEC102ACD7B2A891B39888C01CE074CD2946338272D17F5BFF9125DB38DE0B28269D90B32063B171938E7AFBD5BD3EF212A784561E839E6B9C9F50B981E382588CD149F3B3C6589840ED8F7E3A527DA6086DAE2F27FDDC4836BC8C3047A11EF9147B4E4694765DCA845CB45B9DA30382A319EB5419DDA77B7760E1482C703F007F9D79CCBE3B6BFD661755B9B2D1E273E649B73BF1CAB31EC38FBB5DD68C6D8E9CD3DA230FB4FEF493924923AF3CF4C56357194EAAE5A6CF42781A9874A5556E66788F50DF18815490A4E71DF3DFF00035CB3388AF23B8FDE3B28DA8631C283EA076EF57B519764B23BEEC270DC673CD52B62BE780C76B3F023279C7B0ADE9C6E936632F7742F0510CA669B96CEE0724F07AE05721E27D55B4EB4B5BAB742EACEA88B2332E724E72BF877A5BA7BDBCD6EE2DDE6F2E0B76E7E6C0553EDDEA6F19E9AD7DA5F949FBD91274963239E9D07BE791F8D454BC934851D1EA3F4CD464BBB0322AF96D828C383851CE01FCAACE9B7B6F05D05B96586DE2CC8EC78E3159496D25AE9AB697092C724C0C8E578DA8073C8EE7A5733E27593553F6784EC4E0C8149E57B2E6B0E677E5EC5CB48DCECFC53AC0BF36E74F8BCC5031B9F80D93C8CD55D42CDAE34D054BB3C2DBD14376E847B8AE4346D46EF46D42C346B87FB54576FE5AC6CD896318FBD9C1CAFF2AEAE5D6A183559AC96532244FB7CD0075F43FCAB59B9BB38AB9C4F7134C98F02BA6B36DC0573F04656E4B4711C16C851D3F3AE8EDD5D1FF78AAA58E42839C0AF568D78D549C7A90FB9A3175033CFF2AB710C1AAF10C633DEADC6338AE833278B208DA013EF56AC92336CA77B3924E5BD793556E316FE5063FEB0ED1F5AD1B7748E1552C38F4350DADD058D9938607240DA3F90A5E98CF7A1FEF7FC047F214D2A0E3D4743E9548687F4141A5A2A8640EA4B647A5675CD8C52BF98E72D8C28E98AD6C1014751DC9A89E25DCCC07CCDD4FAD633A6A4EED149B479A78FADBECD0DBBAE40693240FA57946A5318E488A047F2C10E40385CF63EF5EEFE3CD3CDDE8ACD1FFAC84EE1F4FF0038AF09D656E2C269C26D78E740CDB4E707DFDEBE5B30A5ECF12EFB491F6F925552C224B78B66AE8D6B1CB006B840ACA0EE2C01C77E3FC6B79BECF6F6B2A42C3CBB8C26E3F2E72338C7A572DE1C585EEED2292F4DAC13465AE2497EEA727006393C63AD451C6BFDA8CD65766F5E2BA89E05087F789BB0DB8673D3B0AE3A541DF56ADEA7A75EAC649ABEDE46E59E9BA7F873518F54BD02E2365961961321FBE4A802371C7439EA3AF7AF409F498750B6BDD32EE60D1CD6FB61B89CE5132794C0C74E30475AC18F4B177AADC7957F28D324536E90AAEC8B60232A91F3B464649EA6B7ACF4D86184CB2CAE61B76FDD472B655B1D78F4AEB9E69187B9878F35B77D34DFFAFB8F9AA982755F3D5958B3E08F0A68BE1716F2C7E5CF7080C715C649C83D4E3D735D1DE05370DE64A555F0303D73C7E5EF5CC5ECA67D33ED6B65726D19B2F14382D8271BB92381C93ED5AD1DDCA5A30ED1B85500678271ED5C7F5F94F4AEACBA593B79F5BFA1C35B2D9A6F91DFFAFB8D08A711DACEF70CE5A439CA1FBC7D063F5AE23C4FB4CAF14B72934DF326C2486DB8EB91C63FAD7492DFF941A49ED1846992ACAD955FEB5E3FE23F1149AC6BB3FD96D0C1693808CD229058AF560703191C62BB6359D78A57BA5EB73865869D397BEAC6B787754D4A56BA569268B4DD8412A9FBC2D90A08EB8029DE26D436CC9A5C23365A7E14A072439EA727A9EBD7EB5D368D069A96914D0DB3EE31046032BC76047E3D6BCDF5195BEDBAA302C9BA57C107B13CD4E32A38D1514F73D8C968A759CE5D1682E91AAB5C3DCC2DA88B5B5646F3164C9465C7DDFA9C6077AF54F879E208358D1A336DFBBF2FE4F2C93941D81CF3D31CD7CFB63791048A1919543C8373004ED1CE49F7E95D5F833564D23C4F13ACAA6D2E98C72945DA323857F4E78FCEB1E4E58F2A3D7C65355A0DF53D63C48861DD22ACACA4EE2B1B104B76181C9AC247998ECBD014C4A6493031C1E71BBE9D40AEBF5043716ACF6EBE64AA84A29380C71D09AE1F4C96F1E69CDE96560784518233E98ED5EB616A371B33E6A6AE5382F6DAFA791ECEDA49995BCD7278CFD47A7B55FD567C8B5B69623F6B90E4C2BFF2CD4630C7D335A71C44B9910988120A818C38C74E99069B240F71713F920492B365980E5B8E9F856B53632EA737E22BE30594A70FB6242725B219B1F77F3C7E75C7681ABDA3DD8B76629744063B87C8CC7AAE6A87C70D5F57B2BBB7834AB4BE874E846F9AE65B72A1E4CF237742BC8E7BD70567AAF9902CD0DBCA6718465DFC64F707F3A51C34BE3EE6752A69CA8F7B32595818350660B3C31B0901C6644DA4FE001AE2FC32FF006FCDD6C28B3396DAC082327B8AC5F0ED9DD4911579A76590152AED9241EC6BD0740F0EA87864CB0D87A2F01BEB5D74E95A5739EF6366D6CE77802A48DB4E0E3E95D0E9D6B23BA3CEC5987400700D49636A114607B74AD3850A8E383EA2BAA14611D5223982250304A838EC6A68D7041CF206303EB4810E379CE17B93DA9F1F209008EC33DFDEB64C91C11776F007998C06232455FB61885401C0AA6A3818E6B4ED62260423681EE7DE8D846A3F51FEE8FE54A39A6B1CE0E3F847F214290CE5411B8724679142287839E9D3F9D3AA24911A578D58165EB8ED52D3B8C4A61EFC539885049E829B22FC879C01EBC67F1A99CB95015A78D5D4EE5072B8E47506BC83C6BE159ADAE65B8B38CCD6CFCE00C94FAFF8D7A9A58E2E2692195E39666DED196CAE718C81DBF0A8F6C89211380EBD0B28E99F6EE6BC5C74E8E257B3AB16BB33D0C0E32A6127CD0D57547CD1A969ACAEA893145EA548C633F5AF48F8676363A469FAA6A57160CB32C64C171249BB2AC30A00EC4E49CD76DAEF82EC75130CD1C26DE08E321962257BF71DEB98B8D12DF45BB86C03B7D95B33E08E5DC9C0CFB0038FAD79589854C0D394EF7E8BE7D4F769E3A9E39AA49357D5809AEA3D3A1FB3C6A6451B980524E3FC699A9788239E3B78380ACA0BEE0463915774C40279543E7E6DA01E2B13C63685637167E5B39E883A03EE6BC7A14A4A968F73D293873D9AF336F49F15C56F7AB62AAED17CCDE6311B547607D49AE8AFFC4B6F67A5FDB2781A78C48A9889416E7BE3BE2BC03C29E1CF11F8B3C48219524B2D02D2E7CBBB9CC8164200CED5FAF4C8F5AF73D4749B6826B1B689CF969114863072108EE7BFA73D6BD0AD3AB858277BF97AEC79B6A356A35622D5B5F80D998D83C61937FCCBB7683EB5E79E25D661BEB29ED2DD4C8F2308E39A34076678C8FD6BA3D5D6689D8DCB892DE288EF6703257B8AF2FD3EE1D27995923788125262D82C33C71D8E29E0EA4B14D4A2F6DC589F67429B4E37B9DB69DAF5E268E63BF8E49D46C8D02026423A738E0F4EB583AF9886A6D776E921B4B8E08752B86EE31DA88759BF919174BB7959936EE21032E0939CF393F5AE81238352D224C334623256E2071930C9CE339E79EC6BD4AB45568389E4E0F14F0F5148C19F54F0949A6DE5BEBFA5BC57324609BA81064B28F942E391D073D3D6BCC25BFBB5B0685D9FCAD99E0FFAB04E40CFA74E2BBFF166832C16862B94324447EEE503E65EE47D39E6B8212DC592B401E392073CA9C735119C9DA335EF23DB528F2B952774CF4FF879F172D57498B4FD7FCC86FA1013ED44E525E7827FBA718CE78AEDD35CD26E4A4F1EA16A518F691719F639AF9BB48F0F5FEB82E6D749B759EEA389AE1C07C164040F97D48F415DCF82FE17EB9E4A4F1DB69EB71E680D0EA1090EAB8CEE07A8FA75ADE54629F3C5D99E4D7E481EC1A55ED9DDDE471C7708640DCAB3673938EDFCABAAF2843BB6431AB01B54A75E783599A0DBDAF857494B5D91CDA9CAC098A042CECD8E8A0F200F7AF3BF8AF7DE22596D6F209A5B0815CA32C2FB5B2DEBEBDEA39A6DA845EFD7FAEA70C9A9313C79335D47716B7F816454C52C6DC2903A1FAF715E69A168B1A64A82589EA7BD5C58AF3509CCB7B712DC484E7748C5B3EF5D468FA70F97036B03D5BA1FFEBD77E168CA92F7A57339B45CF0FE94CB20EA41C63E51C7FF00AEBD074CB508801E3DEB334DB6582032C80ED55CB704903E9D4D74F6B1001063A738AEF4733248143024038CE33D338A9E350C037233D01073F953C29DB8F6E4D39C6D407AE4E2AAE4B220B92C72D96CA9E7B54B1A00001D29540EFD3DA9C0334A4A82211C027D7BD2BA40228E474CF7C7AD5EB7DC21504E4FAF4AA7B9774A32331005B1DAAF5BFF00A95A77B88D4C2A055550142A80076E051B137970A379182D8E48F4A563C8FF00747F2A5EBD6A91411A246308AAA3D853E931C8A5140C5EC6AA5DDA4734522BCA268244D8F14A32A47A7B55BC6462AB4F6CCC77432B467BE39CD73626151AE6A7BFA8263AD8210199443B576AE5801ED491C662DE5DFCC624903D2A2B8B98A1B522FE069554820471EEC91DEB9BFEDDBC9259C5A69D71CFDD18083F1C9AF3AB55AAB95AA7796BF2F5E9F8949A36AE2F1215DCCD9D8C0153D4FBD60F89E2B1D6E55B78A45FB5052629482006FEE93E87F98A5F2753977308D159F9DAC030CFD6AAAE81AC5C4E0DCDFC3144BB58241100D9073C9F4AE1952C6E263CB5A2927BAFF837F437C3D7F63514E272B636EC356906A68EF708823DAC70319EB8F5CFF3AE924B0B5BC8920556DCE40C038E2A7F13696D71241A9DBA97B9B7FDDCF127523FBDF4AC7B2BD3E69920B7D810E18C8F8CFA115E2558AC34DD29AD1EDE87D7C2B2C4D35522ECD7E66BDDA41A5583269B1470CCA8638A098E3CC61C805B93CFF5AB96B716539CDE3C26E0A7CE88C739C723E9587A8F882C2C47DA2E02CCCA328BD486F5C9AF3ED4BC739D5659C4724B23FCA9045F373EFEF54DCAABF75296BD8E7E456F79B47A0F8A52DE0B27254347FC31673963D327BD789EAF60D16AD14BE6411C053E7127F1303DBF0AECA6D5A6BB857EDAE4B13BB6EEE13DAB84B9D6ECB59F15B6924AA5BDB820CCC461E4F41EC2BDAC1617921A2B1E4E2EB732B3773B8D0EFCFD8D618512457C15318F997DB8AEFBC39A658D919A558C99AEB0B3F7CFB11D2B87F07D93E95A91B75813C97231347923D727D0F4AEF218C2B1946E05F851BB1BB07A8AF468C7963CD3678F29345DD4F47B17B67B792DD264122C9104E369EFCD71D7BE0BD067D56656D1A7997CB2FE60CAC6483F7771EF5D15C4EB02196DDD93E42CD197C671DC718AE5AEFC79ACC6E45B4314912C8148277301FDE2076ACEA4A8CA6A0E4AECD29E2651F85D8F43D2FC35656F0DAF916AB0AC5108E2112F28B9C95CF619E6B56482D6CE39A67023676CB4B21036FE75E31278B3C57A96F315FF00D96DF3F288230A71F5E4D50BDB4D4B5140BA95E5DDD283BB13485867D715D0E9C2DB03936EED9E97378AFC23A3DDCAF05D2CDA8B93BE404CA467B6E1915C7F8D35DD3FC550A5BA0B82EAC0A4BE5E150FBD6259E87B1784C73E95B7A7E913287442551FEF2E0511A76565A05D6E60E99A4CAB379722F23DBB7AD76FA4692171B933F4AB5A4E8EB6E89188F0074C56FC56E17679409CF0463A7BD754745A99C9DCAB696A43B14FB9C1523A81FE3576DA30AF215F99B1BD989CE6A448901C33019E00CFF2A96558E1B5008C1CE0A019DC0FA0AA6EC48D8C87E50E41E73EB4D9D82CA5243838DA40F7E696572B6AA52322627EE638514C854F983B16EA40E4FAD34EE48996D85F030BF7B9FCA86B86960C46C013C021738F7A2FD4322AC0AAACEDB9891C2AF7CFBD41687CC8049B4AC7D338A9BC67A31D9C4BBA7429046AA8791DC8C93C55B7B9B5898A4DB3CC1D704D41A7CAC01655EBC609FD6B3AF20792EA560E3963F74122949D9D902573AF2791FEE8FE54F072315016E47FBA3F954886B7404990001C938FC69C29B4034C091738E7AD3A980D3C7348631D03F519A6F9283A28A9A908A902ACBE62CF0AC712B4473E6396C15F4C0EF9A1954333051B8F04E3938AB0455791D7CCF2C32EFDBB8AE79C7AD26064DF29B7B85BB4538036C98EEBEA7D7158BE2BB49A4D22E24D3E38A699A325013B4313EFCE3EB5D4BE08C1AE7F58D21A78192D6EA7B65EB889B02BCDC46179DB76BA674D1C4385B5D8F9D7C51BB469449AB3A41E628D96B6EF96C771FF00EAAE5B5FD6AD04507D801B4556DC91A03CF1819CF24D7AFF0088FE197F68DCF9B3DEDCC8C0920B36719ACDB4F855A75BDCC570D1B4B3C792ACC49EBEBEB58D0C0F2E8D58EDA98DE657BEA798E9F1EB3AD486598CE9094DAA4B6D20FF007B02BB5D03C1707D9D6368579EF8E735E8DA7F85D632079638F6AEA34FD152200EC1F957A11A518E891C53AAE5B9C369DA06A912C6B14AA768C2B630DF8B0E4FE35D6594F736D6EE2EE2252DA1F91766599FD01EFF005AE9A2D3F1136C0A2561C16E467FC2AE25A2841955007E54BEAC93BA76316CE06C84AFA6BB5CDB966B7432625DC064FA0EF58BA0F86751BA9DEF3538EDE0596361E544A55803D013DEBD6CDAABE15941190707A5125BAA72D8142C3A4EECCAC711A7F87D2CED2287FD615500B918DDEF56C68EB8E578AEB05B0E480298D6C0B06E463B03C56DECD0F53988F4A5070178ED5A16D60AB8F96B5FECE01CE0629EB08154A16029470056215791DCF4A91222A5B0D827A85AB816A3B90B179663190C707D8D0F4DC0AAD6D183E622812200BF51ED4E3FBC0189040E4115600E698CB1DBD9310AA1D4E23441C1CF6C50EC80A9329C1F4A8DDD63859A342D28076AFA9ED569A32CB86CB13F37A007D2922803BE1891C1C63D687AA0D8C968A5B83B2EDD9970199546D4CFA7BD4F7E646B7586D54866C296006157BD4CC1E37559976B1CF039FCEA631944691862218F98F53F4150E31B0EEC8A38BECF05B88892C0E1B3D6B62D630B0280AB8E7B7BD5001A572CBF2C480F1FDEF4AD7B65FDC26715AC49657DF923E83F954A8D59F1CA091F41FCAAD46F9EF4D3B956279A495447E4C5E692E037CC176AF76F7C7A55806ABAB54AAD5404B4E06A3A70E693024069467032307D298E7CA4DEC781C9A48D815F97A75A8BDC079A8DD73DAA5A4EF4C0A32478350BA0C568B283503454EC163265B62F260A2F978CE73CE7D3150CB62B246A846006DFC71CD6C188D2AC241A5CA33296CD36302809C7CB9E39A9EC63DF0E4B6E2A4A9254AE48EBD6AF2C203B60F5E71521895B1BC640E68B76032753BD6B2480C1673DE3C932C45621F701FE23E8055C8C8110FB43296248E148CF3E86AC4617968C6DEDC8EB44510562CC773B756A2CC7A5836D452421DC191B38E428E9F5A7CCE0CEB1A9FBBCB11FCA9F819CE29D93111F1B8AF71D78A42071EF5210DB89C8C76151AB3191D0C6CBB71F31E8DC76A008C156276B06C1C1C763E94C8DFCE80940E81B2B965C1FAE0D4E00C74C5465144ACC33BC81939EDDA801A4040A324E78A6B019191D3A54A4704F60324FA54608619078A0435C654024819FCE820ED600E323048EB43AEF70187C8391CF7FA52E28B5C0605C1207DDE805010B30DBC7F3CD3F1CD29F910BE7183D68B0886FA04823691584648DAFDCBFB0A887C96EEC4ED50BB48CFCD8F4A9E68965B932B2E700649F5F6A788C01D054462C6D8CB640100036AE318AD2B71FB95ED54C715720FF0054B5A320E1341D7EC75AB28EF34CB949EDD80E54F2A71D08EC6B7EDE61800600F6AF94348D42FF0043D565B8D11DEC7508C81736138203FB32FF005AF66F037C46D3BC40CB693FFA06AABF7ADA538DC7FD83DC542D0E871EA8F578A4E2AC29F4AC582E7A55F8A60DDEAD33368BEAD4F535591F8A915A98874D02CE30ECFB7AE01C0352C6A1170338A6034E0D50A296A80901A6BEE72003B5475F5349BA8CE69DAE03F39A4EBDE933814C5C20E0606698C93145413CAE6265894173C024F4A58370401DB2DEB493D409A8C526EA4CD30148C9A4C12DD38F5CD1BB9C52F2DC038A1815AE9D2DCAE700B1C01EA69E873CD432B79AE63468DCC64825B920FF008D4A8BB5001DAA63701C38EA735534FB24B0B5F2229669177336E95F7B7273D7D2AD5255582E33273D298C0E0A83DF3B8D4BFAD3307BF5A043186E57524ED6EA334D0A14000600A7918C13C66902E7A51A00D22803268560C015390694B73B73D3B526C08A791229163077C879C0ED4F61BDF270171F771FAD26D01CBFF11A5CE39A229F50147707A6690B5319FD2B13C55E28D23C2BA63DF6B7791DBC23EE8272CE7D147526988DB92458D19E465545192C4E001EB5E69A8FC7CF066997D35919EE6E0C2DB0CB0C7B918F7C1EF5E03F15BE326A9E31692C34CDFA7E8B9C796A7F7930FF006C8EDED5E689A75C3A06CAAE7B31C1A4528AEA7DA7F103C09A5F8AD164995ADB518D47957B170EBC743FDE1EC6BC03C61E1ED57C3772B1F88AD8BDB86FDCEA56D9DA7D327AA9FAD7D65731B91C36DF9476F6AC6B9B113C52C5731ACF0C830D1CAA0A91EE2BA1C148CA151C0F0CF08FC4BD57438E38B532757D3070265FF5D18F7FEF57B5F863C57A57886D44FA4DEC738C7CC99C3A7B11D6BCAFC5BF08D77C977E0FB8FB14E7E636531CC4DFEE9FE1AF28BDFED0F0F6AC175282EB46D4D0F13265437B823861584A0E27446519EC7DA10DC7E35763981039AF9A3C2BF18B54B0F2E1D7ADD750B6E9F69B7E2403DC77AF62F0B78E342F11C6A74CD422797BC2E76B8FC0D2B8389DCACCED95D9B006C649CE47AD4EADC565477078CD5B4981EF4220B60D381E6A057F7A76E1CFBD3B8895D9554926ABDCDDB2C682381DDBD0638A973C5254B571A2B5A09B6E66C027B0ABA9C73519E581EC063EB4FDD8EBD2A9002A85CE33C9C9A77D6A26F31A4C921507403A9A7E7B5080679999DD07DD18E69CF23846589955C81C919C52F147145B4B0105BDBAC1900E598EE63DC93DEA6E94B9C73819F7A8EE374AD1E30BB4F38EF4B601CD51C12A5C42B2C27746C320E314BBC798540271DF1C529248C64818C7147A009D7914367630500B7627B50988C00BC00314DC61998B13939FA5020BA4F396125B688CE4F1D4D46A43A72383D41A716E08EC698CC0524AC03E42AB11D89F37602A30AC0138E0771DE9865F4AABAA6A76B6368D3EA57315B5BA8F99A4708B4B55B0160C80FDC20FB8A82EAE62B581E6BA9522850659DD82803DC9AF16F1AFC7FD0748125B786E03A9DCAF024FB90A9FAF53F857CFDE33F881E24F1A5C6354BD91A027E5B587E58C7E03AFE3543B1EFBF117E3EE9BA4896CBC2A8BA8DE8F97ED0DFEA50FB7F7BF957CDDAFEB9ACF8B7547BCD5AEA5BBB86EEC7E541E807402A1B7D29B86BA257FE99AFDE3FE15AB0DB80A11102C7FDD1FD69D8A48A16966B090461E4FEF761F4AD05809193C9AB705AF4E2AFA599DA2AAC33EE19A1CB0E3F847F2A824B718E456A4AA378FF747F2151347C1ADD3392C60DD5BAF52BFA561EBBA359EAB6AF6DA959C3776CDC6C95738FA1ED5DA3C20E73542E2D8B3E41C281D31D69DEFB8AD63E79F12FC188D59E7F09EA0F69275FB25C9CA1F60DD457966BBA4EB5E1CB8FF0089DE99716CEA7E5BA873B4FB8615F655CD98DA78C9AC8BDB3DD0B46EAB246C39491772FE559CA9A7B1A46B4A3B9F37F85FE29F88B4854583524D42DC7FCB1BBE4E3FDEEB5EA5E1FF008EBA4CC563D72CAE2C243C174FDE27E9CD57F12FC32F0CEAC5E56B26D3EE0FFCB5B4381F8AF4AF3AD63E11EB369B9F43D4A0BE8C748E5F91FF00C2B195368D55584B73E99D0BC5FA1EB48ADA66A96B3E7F8448037E46BA049F3CF515F06EA5A4EB9A24D9BFD32EADD94FFAC4538FCC55FD1FE247893482A2C75ABB455FF96729DE3F5A8B345D93D99F7409BDE9C2515F2768FF00B417882DB0351B5B2BD51DC6518D761A6FED13A4C9B46A3A4DDC07B989838A1362E53E83120F5A76F0460F4AF22B0F8E1E0BBA0BBB5096DD8F69A22315D1D8FC48F09DE63C8F1058927B349B4FEB4EE2E56777BC7AD1B87AD73D07897499C0F2755B2933E932FF008D5D8F53B67C6DBA8187B4828B858D5DDC13E946EACFFB6C249C4D1E3FDF141BC84759E21FF0314EE2349416048E8066A35752323A56736A9671A9125E5B00473BA503FAD675DF8B740B35CDC6B3A7C407ACEBFE345C763A32C33D69A5C579FEA1F163C15640F9BE20B5723B464B9FD2B97D4FF683F075A822D9AF6ED87FCF38B683F89A2E1667B3192A33257CD7AC7ED2C791A3E83F46B997FA0AE0B5DF8EBE34D503243790D8467B5B46011F89CD0163EC7BCBDB7B48CC9773C3046392D23851FAD79E78A3E33783B42DE8752FB74E3FE59DA0DFCFD7A57C79A96B1AC6B9316D42F6F2F643DA4766FD296DF41BC9006955604F590E3F4A2C163D8FC55FB45EAD761E2F0EE9F0D8C678134DFBC93F2E82BC875AD7F5DF145DF99AADF5DDF4A4F0AEC481F41D0559874AB2839767BA7F41F2AD5D457D9B2244863FEEC631FAD3B01890E90CB8379208C7F71796FF00EB569DBC2B17CB6D188C1FE2EAC7F1ABD058E71C5685BD963A8AA486674169DC8CD68DBD9E7B568DBD9F43B6B46DECC1C7155615CCFB7B2F6AD18AC46C1C568C1698C715A515AFEEC7CB5490AE7D4F2A02475FBA3F9530236460F157C5BA155396E557F95385B26472D4EE636286C1DEA278C735AA6D93D5A98F6C9EAD45C2C61BC239245675CDB8209C735D2BDB2648CB5559AD63C1EB5443471F73600FB5635E69D9CE073ED5DE4D691E79DDF9D509ECE23C7CD8A7721A3CE6E60B88F7296DE9FDD71B85733ABF86F45D4466FF0045B576FEF22ED3FA57AB5CD842739DC6B1EF6C610B8C1C51CA98D49AD8F0ED4BE19F87272DF6596F2CD8F6CEE03F3AE72F7E14DC29274FD5E094761202A6BDD6F6C61058E0F158B73650E4F06A5D24691A8CF09BBF875E22833B228A71EB1C80FF003AC8B9F0AEBD6E48974CB8E3B85CFF002AF7D96D9533B59C7D1AAA4AD227DD964FCEA1D32D5467CFEFA7EA701F9AD2E93FED9B0A40FA945D1AF13F1615EED35C4A07DF27EA055292EA4CF3B0FD5454FB329543C5FEDDAA0FF97ABD1FF6D1A93EDBA9B7FCBCDE1FF81B57AFC972DFDC8BFEF815035DBE0E1631FF000014B907CE793635198F4BB73FF0234E4D23529795B3B86CFAA1AF536BB988E1F1F402A133CCE7995FF034F9039CF3D87C2FABC9FF002E8C83FDB2055B8FC217839B8B8B787EAD935D9BA17E1A490FFC0A98D6B17704FD4D3E41731CBC7E19B18F9B8BE790FA46956534FD320198AC9A56FEF4AD9FD2BA116916071522DA459236D1CA3E639FDF3636C2A90AFA46B8A6A593C8DB9C963EA4D74096B1138C55B86D6218E0D3E51DCC3834EE3EED5E8F4DF515D0C16B1E0706A736E8318CD1615CC282C07A55D8ACFB638AD986DE31DAAD25B463D6A9215CC88AD31DB8ABD15AFB569476F1FBD5D86D90B77A6905CCE86D4F5C569C369FBA5E0D5EB5B58C919CD6B416D1F94BD6AD44573FFFD9,'210 г.',261.00),(6,'Витаминный','Овощи, зелень',1,220.00,NULL,'210 г.',99.00),(7,'Мимоза','Рыба, картофель',1,270.00,NULL,'210 г.',121.50),(8,'Кобб','Курица, бекон, авокадо',1,380.00,NULL,'210 г.',171.00),(9,'Вальдорф','Яблоко, сельдерей',1,290.00,NULL,'210 г.',130.50),(10,'Табуле','Питта, булгур',1,260.00,NULL,'210 г.',117.00),(11,'Брускетта','Хлеб, томаты, базилик',2,220.00,NULL,'150 г.',99.00),(12,'Карпаччо','Говядина, специи',2,450.00,NULL,'150 г.',202.50),(13,'Тарталетки с икрой','Икра, крем',2,500.00,NULL,'100 г.',225.00),(14,'Сырная тарелка','Разные сыры',2,600.00,NULL,'200 г.',270.00),(15,'Рулетики из баклажанов','Баклажаны, сыр',2,280.00,NULL,'180 г.',126.00),(16,'Карпаччо из тунца','Тунец, специи',2,420.00,NULL,'150 г.',189.00),(17,'Креветки в соусе','Креветки, соус',2,350.00,NULL,'150 г.',157.50),(18,'Сырные палочки','Сыр, панировка',2,240.00,NULL,'120 г.',108.00),(19,'Рулетики из ветчины','Ветчина, сыр',2,260.00,NULL,'150 г.',117.00),(20,'Сырные крокеты','Сыр, тесто',2,230.00,NULL,'120 г.',103.50),(21,'Карбонара','Спагетти, бекон, сыр',3,450.00,NULL,'350 г.',202.50),(22,'Болоньезе','Спагетти, мясной соус',3,420.00,NULL,'350 г.',189.00),(23,'Паста с морепродуктами','Лапша, морепродукты',3,550.00,NULL,'350 г.',247.50),(24,'Карри с курицей','Лапша, курица, специи',3,480.00,NULL,'350 г.',216.00),(25,'Ризотто','Рис, грибы, сливки',3,420.00,NULL,'300 г.',189.00),(26,'Паста примавера','Овощи, сливки',3,400.00,NULL,'350 г.',180.00),(27,'Паста с лососем','Лосось, сливки',3,520.00,NULL,'350 г.',234.00),(28,'Паста карбонара','Бекон, сыр',3,430.00,NULL,'350 г.',193.50),(29,'Паста с грибами','Грибы, сливки',3,390.00,NULL,'350 г.',175.50),(30,'Паста с курицей','Курица, соус',3,410.00,NULL,'350 г.',184.50),(31,'Стейк Рибай','Говядина, специи',4,800.00,NULL,'300 г.',360.00),(32,'Филе миньон','Говядина',4,900.00,NULL,'250 г.',405.00),(33,'Пельмени','Тесто, мясо',4,310.00,NULL,'300 г.',139.50),(34,'Ризотто с грибами','Рис, грибы, сливки',4,420.00,NULL,'300 г.',189.00),(35,'Паэлья','Рис, морепродукты',4,500.00,NULL,'350 г.',225.00),(36,'Жаркое по-домашнему','Мясо, овощи',4,450.00,NULL,'350 г.',202.50),(37,'Оссобуко','Голяшка телятины',4,750.00,NULL,'300 г.',337.50),(38,'Бефстроганов','Говядина, соус',4,480.00,NULL,'300 г.',216.00),(39,'Цыплёнок табака','Курица, специи',4,420.00,NULL,'400 г.',189.00),(40,'Свинина в кисло-сладком соусе','Свинина, овощи',4,400.00,NULL,'300 г.',180.00),(41,'Форель запечённая','Рыба, специи',4,600.00,NULL,'350 г.',270.00),(42,'Утка по-пекински','Утка, соус',4,700.00,NULL,'350 г.',315.00),(43,'Баранина с овощами','Баранина, овощи',4,550.00,NULL,'350 г.',247.50),(44,'Телятина по-бургундски','Телятина, вино',4,650.00,NULL,'300 г.',292.50),(45,'Борщ','Свекла, капуста, мясо',5,200.00,NULL,'350 г.',90.00),(46,'Грибной суп','Грибы, картофель, сливки',5,220.00,NULL,'350 г.',99.00),(47,'Том Ям','Креветки, кокосовое молоко',5,350.00,NULL,'350 г.',157.50),(48,'Уха','Рыба, картофель, лук',5,240.00,NULL,'350 г.',108.00),(49,'Щи','Капуста, мясо',5,210.00,NULL,'350 г.',94.50),(50,'Суп-пюре из тыквы','Тыква, сливки',5,230.00,NULL,'350 г.',103.50),(51,'Харчо','Говядина, специи',5,250.00,NULL,'350 г.',112.50),(52,'Солянка','Мясо, колбаса, огурцы',5,260.00,NULL,'350 г.',117.00),(53,'Крем-суп грибной','Грибы, сливки',5,245.00,NULL,'350 г.',110.25),(54,'Суп лапша домашняя','Лапша, курица',5,225.00,NULL,'350 г.',101.25),(55,'Чикенбургер','Курица, булка, овощи',6,250.00,NULL,'250 г.',112.50),(56,'Биг Мак','Говядина, булка, соус',6,300.00,NULL,'300 г.',135.00),(57,'Веджибургер','Овощи, булка',6,220.00,NULL,'250 г.',99.00),(58,'Рыбный бургер','Рыба, булка',6,280.00,NULL,'250 г.',126.00),(59,'Двойной чизбургер','Говядина, сыр',6,350.00,NULL,'300 г.',157.50),(60,'Чизбургер классический','Говядина, сыр',6,270.00,NULL,'250 г.',121.50),(61,'Бургер с беконом','Говядина, бекон',6,320.00,NULL,'300 г.',144.00),(62,'Веганский бургер','Овощи, соя',6,240.00,NULL,'250 г.',108.00),(63,'Бургер с креветками','Креветки, булка',6,310.00,NULL,'250 г.',139.50),(64,'Бургер с индейкой','Индейка, овощи',6,290.00,NULL,'250 г.',130.50),(65,'Маргарита','Тесто, помидоры, сыр',7,300.00,NULL,'400 г.',135.00),(66,'Пепперони','Тесто, пепперони, сыр',7,350.00,NULL,'450 г.',157.50),(67,'Четыре сыра','Тесто, 4 вида сыра',7,370.00,NULL,'400 г.',166.50),(68,'Гавайская','Ананас, ветчина, сыр',7,320.00,NULL,'450 г.',144.00),(69,'Мясная','Тесто, мясо, ветчина, бекон',7,380.00,NULL,'500 г.',171.00),(70,'Морская','Морепродукты, сыр',7,400.00,NULL,'450 г.',180.00),(71,'Вегетарианская','Овощи, грибы, сыр',7,330.00,NULL,'450 г.',148.50),(72,'Диабло','Острые ингредиенты, пепперони',7,360.00,NULL,'450 г.',162.00),(73,'Карбонара','Бекон, сыр, соус',7,340.00,NULL,'450 г.',153.00),(74,'Феррара','Ветчина, грибы, сыр',7,355.00,NULL,'450 г.',159.75);
/*!40000 ALTER TABLE `dishes` ENABLE KEYS */;
UNLOCK TABLES;

--
-- Table structure for table `order_dish`
--

DROP TABLE IF EXISTS `order_dish`;
/*!40101 SET @saved_cs_client     = @@character_set_client */;
/*!50503 SET character_set_client = utf8mb4 */;
CREATE TABLE `order_dish` (
  `id_order_dish` int NOT NULL AUTO_INCREMENT,
  `id_order` int NOT NULL,
  `id_dish` int NOT NULL,
  `quantity` int NOT NULL DEFAULT '1',
  `price_at_order` decimal(10,2) NOT NULL,
  `is_gift` tinyint(1) NOT NULL DEFAULT '0',
  `id_present` int DEFAULT NULL,
  PRIMARY KEY (`id_order_dish`),
  KEY `id_order` (`id_order`),
  KEY `id_dish` (`id_dish`),
  KEY `id_present` (`id_present`),
  CONSTRAINT `order_dish_ibfk_1` FOREIGN KEY (`id_order`) REFERENCES `orders` (`id_order`) ON DELETE CASCADE,
  CONSTRAINT `order_dish_ibfk_2` FOREIGN KEY (`id_dish`) REFERENCES `dishes` (`id_dish`),
  CONSTRAINT `order_dish_ibfk_3` FOREIGN KEY (`id_present`) REFERENCES `present` (`id_present`)
) ENGINE=InnoDB AUTO_INCREMENT=310 DEFAULT CHARSET=utf8mb3;
/*!40101 SET character_set_client = @saved_cs_client */;

--
-- Dumping data for table `order_dish`
--

LOCK TABLES `order_dish` WRITE;
/*!40000 ALTER TABLE `order_dish` DISABLE KEYS */;
INSERT INTO `order_dish` VALUES (151,1,1,2,520.00,0,NULL),(152,1,21,1,450.00,0,NULL),(153,1,45,1,200.00,0,NULL),(154,2,5,1,580.00,0,NULL),(155,2,33,2,310.00,0,NULL),(156,3,65,2,300.00,0,NULL),(157,3,31,1,800.00,0,NULL),(158,3,12,1,450.00,0,NULL),(159,3,41,1,600.00,0,NULL),(160,4,2,1,280.00,0,NULL),(161,4,8,2,380.00,0,NULL),(162,5,46,2,220.00,0,NULL),(163,5,56,1,300.00,0,NULL),(164,5,70,3,400.00,0,NULL),(165,6,3,2,250.00,0,NULL),(166,6,22,1,420.00,0,NULL),(167,6,57,1,220.00,0,NULL),(168,7,7,1,270.00,0,NULL),(169,7,23,1,550.00,0,NULL),(170,7,48,2,240.00,0,NULL),(171,7,67,1,370.00,0,NULL),(172,8,4,1,320.00,0,NULL),(173,8,32,2,900.00,0,NULL),(174,9,9,1,290.00,0,NULL),(175,9,34,2,420.00,0,NULL),(176,10,10,2,260.00,0,NULL),(177,10,24,1,480.00,0,NULL),(178,10,49,1,210.00,0,NULL),(179,11,11,2,220.00,0,NULL),(180,11,25,1,420.00,0,NULL),(181,11,50,1,230.00,0,NULL),(182,11,66,2,350.00,0,NULL),(183,12,13,1,500.00,0,NULL),(184,12,35,2,500.00,0,NULL),(185,12,68,1,320.00,0,NULL),(186,13,14,1,600.00,0,NULL),(187,13,36,1,450.00,0,NULL),(188,14,6,2,220.00,0,NULL),(189,14,15,1,280.00,0,NULL),(190,14,26,1,400.00,0,NULL),(191,14,69,3,380.00,0,NULL),(192,15,16,1,420.00,0,NULL),(193,15,37,1,750.00,0,NULL),(194,15,51,2,250.00,0,NULL),(195,16,17,2,350.00,0,NULL),(196,16,38,1,480.00,0,NULL),(197,16,52,1,260.00,0,NULL),(198,16,71,1,330.00,0,NULL),(199,17,18,2,240.00,0,NULL),(200,17,39,1,420.00,0,NULL),(201,18,19,1,260.00,0,NULL),(202,18,40,1,400.00,0,NULL),(203,18,53,2,245.00,0,NULL),(204,19,20,2,230.00,0,NULL),(205,19,41,1,600.00,0,NULL),(206,19,54,1,225.00,0,NULL),(207,19,72,3,360.00,0,NULL),(208,20,1,1,520.00,0,NULL),(209,20,42,1,700.00,0,NULL),(210,21,2,2,280.00,0,NULL),(211,21,43,1,550.00,0,NULL),(212,21,55,1,250.00,0,NULL),(213,22,3,1,250.00,0,NULL),(214,22,44,2,650.00,0,NULL),(215,23,4,1,320.00,0,NULL),(216,23,5,1,580.00,0,NULL),(217,23,45,2,200.00,0,NULL),(218,23,56,1,300.00,0,NULL),(219,24,6,2,220.00,0,NULL),(220,24,46,1,220.00,0,NULL),(221,24,57,2,220.00,0,NULL),(222,25,7,1,270.00,0,NULL),(223,25,47,1,350.00,0,NULL),(224,26,8,2,380.00,0,NULL),(225,26,48,1,240.00,0,NULL),(226,26,58,1,280.00,0,NULL),(227,27,9,1,290.00,0,NULL),(228,27,49,2,210.00,0,NULL),(229,28,10,1,260.00,0,NULL),(230,28,21,1,450.00,0,NULL),(231,28,31,1,800.00,0,NULL),(232,28,59,1,350.00,0,NULL),(233,29,11,2,220.00,0,NULL),(234,29,22,1,420.00,0,NULL),(235,29,60,2,270.00,0,NULL),(236,30,12,1,450.00,0,NULL),(237,30,23,1,550.00,0,NULL),(238,31,13,1,500.00,0,NULL),(239,31,24,1,480.00,0,NULL),(240,31,32,2,900.00,0,NULL),(241,31,61,1,280.00,0,NULL),(242,32,14,1,600.00,0,NULL),(243,32,25,1,420.00,0,NULL),(244,32,62,3,240.00,0,NULL),(245,33,15,2,280.00,0,NULL),(246,33,33,1,310.00,0,NULL),(247,34,16,1,420.00,0,NULL),(248,34,26,1,400.00,0,NULL),(249,34,34,1,420.00,0,NULL),(250,34,63,2,310.00,0,NULL),(251,35,17,1,350.00,0,NULL),(252,35,27,1,520.00,0,NULL),(253,35,64,1,290.00,0,NULL),(254,36,18,2,240.00,0,NULL),(255,36,35,1,500.00,0,NULL),(256,37,19,1,260.00,0,NULL),(257,37,28,1,430.00,0,NULL),(258,37,36,1,450.00,0,NULL),(259,37,65,2,300.00,0,NULL),(260,38,20,1,230.00,0,NULL),(261,38,29,2,390.00,0,NULL),(262,38,66,1,350.00,0,NULL),(263,39,1,2,520.00,0,NULL),(264,39,37,1,750.00,0,NULL),(265,40,2,1,280.00,0,NULL),(266,40,30,1,410.00,0,NULL),(267,40,38,1,480.00,0,NULL),(268,40,67,2,370.00,0,NULL),(269,41,3,2,250.00,0,NULL),(270,41,39,1,420.00,0,NULL),(271,41,68,1,320.00,0,NULL),(272,42,4,1,320.00,0,NULL),(273,42,40,2,400.00,0,NULL),(274,43,5,1,580.00,0,NULL),(275,43,41,1,600.00,0,NULL),(276,43,50,2,230.00,0,NULL),(277,43,69,1,380.00,0,NULL),(278,44,6,2,220.00,0,NULL),(279,44,42,1,700.00,0,NULL),(280,44,51,1,250.00,0,NULL),(281,45,7,1,270.00,0,NULL),(282,45,43,2,550.00,0,NULL),(283,46,8,1,380.00,0,NULL),(284,46,44,1,650.00,0,NULL),(285,46,52,1,260.00,0,NULL),(286,46,70,1,400.00,0,NULL),(287,47,9,1,290.00,0,NULL),(288,47,45,2,200.00,0,NULL),(289,47,53,1,245.00,0,NULL),(290,48,10,1,260.00,0,NULL),(291,48,46,1,220.00,0,NULL),(292,48,54,2,225.00,0,NULL),(293,48,71,1,330.00,0,NULL),(294,49,11,2,220.00,0,NULL),(295,49,47,1,350.00,0,NULL),(296,49,55,1,250.00,0,NULL),(297,50,12,1,450.00,0,NULL),(298,50,48,1,240.00,0,NULL),(299,50,56,2,300.00,0,NULL),(300,50,72,1,360.00,0,NULL),(308,59,1,4,520.00,0,NULL),(309,61,1,4,520.00,0,NULL);
/*!40000 ALTER TABLE `order_dish` ENABLE KEYS */;
UNLOCK TABLES;

--
-- Table structure for table `order_statuses`
--

DROP TABLE IF EXISTS `order_statuses`;
/*!40101 SET @saved_cs_client     = @@character_set_client */;
/*!50503 SET character_set_client = utf8mb4 */;
CREATE TABLE `order_statuses` (
  `id_status` int NOT NULL AUTO_INCREMENT,
  `status_name` varchar(255) DEFAULT NULL,
  PRIMARY KEY (`id_status`)
) ENGINE=InnoDB AUTO_INCREMENT=8 DEFAULT CHARSET=utf8mb3;
/*!40101 SET character_set_client = @saved_cs_client */;

--
-- Dumping data for table `order_statuses`
--

LOCK TABLES `order_statuses` WRITE;
/*!40000 ALTER TABLE `order_statuses` DISABLE KEYS */;
INSERT INTO `order_statuses` VALUES (1,'В обработке'),(2,'Принят'),(3,'В приготовлении'),(4,'Готов'),(5,'В пути'),(6,'Доставлен'),(7,'Отменён');
/*!40000 ALTER TABLE `order_statuses` ENABLE KEYS */;
UNLOCK TABLES;

--
-- Table structure for table `orders`
--

DROP TABLE IF EXISTS `orders`;
/*!40101 SET @saved_cs_client     = @@character_set_client */;
/*!50503 SET character_set_client = utf8mb4 */;
CREATE TABLE `orders` (
  `id_order` int NOT NULL AUTO_INCREMENT,
  `order_number` varchar(20) NOT NULL,
  `name_client` varchar(255) NOT NULL,
  `phone_number` varchar(20) NOT NULL,
  `address` varchar(255) NOT NULL,
  `number_persons` int DEFAULT NULL COMMENT 'Количество персон',
  `delivery_date` date NOT NULL,
  `delivery_time` time NOT NULL,
  `comment` varchar(255) DEFAULT NULL,
  `payment_method` varchar(50) NOT NULL DEFAULT 'Наличные',
  `id_status` int NOT NULL,
  `total_amount` decimal(10,2) NOT NULL DEFAULT '0.00',
  `created_at` timestamp NULL DEFAULT CURRENT_TIMESTAMP,
  PRIMARY KEY (`id_order`),
  UNIQUE KEY `order_number` (`order_number`),
  KEY `id_status` (`id_status`),
  CONSTRAINT `orders_ibfk_1` FOREIGN KEY (`id_status`) REFERENCES `order_statuses` (`id_status`)
) ENGINE=InnoDB AUTO_INCREMENT=63 DEFAULT CHARSET=utf8mb3;
/*!40101 SET character_set_client = @saved_cs_client */;

--
-- Dumping data for table `orders`
--

LOCK TABLES `orders` WRITE;
/*!40000 ALTER TABLE `orders` DISABLE KEYS */;
INSERT INTO `orders` VALUES (1,'ORD-2026-001','Иван Петров','+7 (916) 123-45-67','ул. Ленина, 15, кв. 42',2,'2026-02-18','18:30:00','Позвонить за 15 минут','Карта',1,1690.00,'2026-02-17 04:15:00'),(2,'ORD-2026-002','Елена Смирнова','+7 (916) 765-43-21','пр. Мира, 23, кв. 5',2,'2026-02-18','19:00:00','Домофон 5','Наличные',2,1200.00,'2026-02-17 04:23:00'),(3,'ORD-2026-003','Алексей Козлов','+7 (916) 987-65-43','ул. Советская, 8, кв. 12',3,'2026-02-18','18:45:00',NULL,'Карта',1,2450.00,'2026-02-17 05:05:00'),(4,'ORD-2026-004','Ольга Морозова','+7 (916) 111-22-33','ул. Гагарина, 45, кв. 78',3,'2026-02-18','19:30:00','3 подъезд','Перевод',3,1040.00,'2026-02-17 05:42:00'),(5,'ORD-2026-005','Дмитрий Волков','+7 (916) 222-33-44','пр. Победы, 12, кв. 34',2,'2026-02-18','20:00:00','Оставить у двери','Карта',4,1940.00,'2026-02-17 06:15:00'),(6,'ORD-2026-006','Анна Новикова','+7 (916) 333-44-55','ул. Лесная, 7, кв. 15',4,'2026-02-18','18:15:00',NULL,'Наличные',2,1140.00,'2026-02-17 06:30:00'),(7,'ORD-2026-007','Сергей Павлов','+7 (916) 444-55-66','ул. Центральная, 32, кв. 8',5,'2026-02-18','19:45:00','2 этаж','Карта',1,1670.00,'2026-02-17 07:00:00'),(8,'ORD-2026-008','Татьяна Соколова','+7 (916) 555-66-77','пр. Космонавтов, 56, кв. 91',3,'2026-02-18','20:30:00','Домофон 91','Перевод',5,2120.00,'2026-02-17 07:22:00'),(9,'ORD-2026-009','Михаил Федоров','+7 (916) 666-77-88','ул. Пушкина, 10, кв. 3',2,'2026-02-18','18:00:00',NULL,'Карта',6,1130.00,'2026-02-17 07:45:00'),(10,'ORD-2026-010','Наталья Мороз','+7 (916) 777-88-99','ул. Кирова, 22, кв. 67',1,'2026-02-18','19:15:00','Код 67','Наличные',2,1210.00,'2026-02-17 08:10:00'),(11,'ORD-2026-011','Андрей Соловьев','+7 (916) 888-99-00','пр. Ленинградский, 78, кв. 14',4,'2026-02-18','20:45:00',NULL,'Карта',3,1790.00,'2026-02-17 08:28:00'),(12,'ORD-2026-012','Екатерина Белова','+7 (916) 999-00-11','ул. Садовая, 5, кв. 23',1,'2026-02-18','18:30:00','Позвонить','Перевод',1,1820.00,'2026-02-17 08:50:00'),(13,'ORD-2026-013','Владимир Крылов','+7 (916) 000-11-22','ул. Новая, 17, кв. 45',3,'2026-02-18','19:00:00','2 подъезд','Карта',4,1050.00,'2026-02-17 09:15:00'),(14,'ORD-2026-014','Юлия Васильева','+7 (916) 111-22-44','пр. Октябрьский, 34, кв. 89',5,'2026-02-18','19:30:00',NULL,'Наличные',2,2260.00,'2026-02-17 09:33:00'),(15,'ORD-2026-015','Артем Кузнецов','+7 (916) 222-33-55','ул. Северная, 9, кв. 12',5,'2026-02-18','20:00:00','Домофон 12','Карта',5,1670.00,'2026-02-17 09:48:00'),(16,'ORD-2026-016','Мария Лебедева','+7 (916) 333-44-66','ул. Восточная, 44, кв. 33',1,'2026-02-18','18:45:00',NULL,'Перевод',1,1770.00,'2026-02-17 10:05:00'),(17,'ORD-2026-017','Игорь Семенов','+7 (916) 444-55-77','пр. Мичурина, 28, кв. 56',4,'2026-02-18','19:15:00','Код 56','Карта',3,900.00,'2026-02-17 10:20:00'),(18,'ORD-2026-018','Светлана Тихонова','+7 (916) 555-66-88','ул. Полевая, 6, кв. 41',2,'2026-02-18','20:30:00',NULL,'Наличные',2,1150.00,'2026-02-17 10:42:00'),(19,'ORD-2026-019','Олег Григорьев','+7 (916) 666-77-99','ул. Зеленая, 13, кв. 7',1,'2026-02-18','18:00:00','Позвонить за 10 минут','Карта',4,2365.00,'2026-02-17 11:00:00'),(20,'ORD-2026-020','Людмила Ершова','+7 (916) 777-88-00','пр. Парковый, 51, кв. 28',4,'2026-02-18','19:45:00',NULL,'Перевод',6,1220.00,'2026-02-17 11:18:00'),(21,'ORD-2026-021','Павел Макаров','+7 (916) 888-99-11','ул. Школьная, 3, кв. 19',1,'2026-02-19','18:30:00','2 этаж','Карта',1,1360.00,'2026-02-17 11:35:00'),(22,'ORD-2026-022','Виктория Зайцева','+7 (916) 999-00-22','ул. Рабочая, 29, кв. 63',3,'2026-02-19','19:00:00',NULL,'Наличные',2,1550.00,'2026-02-17 12:00:00'),(23,'ORD-2026-023','Денис Комаров','+7 (916) 000-11-33','пр. Строителей, 16, кв. 5',3,'2026-02-19','19:30:00','Домофон 5','Карта',3,1600.00,'2026-02-17 12:22:00'),(24,'ORD-2026-024','Алиса Фролова','+7 (916) 111-22-55','ул. Южная, 37, кв. 72',3,'2026-02-19','20:00:00',NULL,'Перевод',1,1100.00,'2026-02-17 12:40:00'),(25,'ORD-2026-025','Глеб Орлов','+7 (916) 222-33-66','ул. Московская, 49, кв. 14',2,'2026-02-19','20:30:00','Код 14','Карта',5,620.00,'2026-02-17 13:05:00'),(26,'ORD-2026-026','Валерия Никонова','+7 (916) 333-44-77','пр. Речной, 42, кв. 37',4,'2026-02-19','18:15:00',NULL,'Наличные',2,1280.00,'2026-02-17 13:23:00'),(27,'ORD-2026-027','Константин Борисов','+7 (916) 444-55-88','ул. Горького, 11, кв. 82',2,'2026-02-19','19:45:00','3 подъезд','Карта',4,710.00,'2026-02-17 13:40:00'),(28,'ORD-2026-028','Полина Жукова','+7 (916) 555-66-99','ул. Чехова, 24, кв. 51',5,'2026-02-19','20:15:00',NULL,'Перевод',6,1860.00,'2026-02-17 14:00:00'),(29,'ORD-2026-029','Роман Соболев','+7 (916) 666-77-00','пр. Молодежный, 19, кв. 9',2,'2026-02-19','18:30:00','Позвонить','Карта',1,1400.00,'2026-02-17 14:18:00'),(30,'ORD-2026-030','Ксения Тарасова','+7 (916) 777-88-11','ул. Береговая, 33, кв. 46',1,'2026-02-19','19:00:00',NULL,'Наличные',3,1000.00,'2026-02-17 14:35:00'),(31,'ORD-2026-031','Вадим Сычев','+7 (916) 888-99-22','ул. Луговая, 8, кв. 68',4,'2026-02-19','19:30:00','Домофон 68','Карта',2,3060.00,'2026-02-17 15:00:00'),(32,'ORD-2026-032','Инна Калинина','+7 (916) 999-00-33','пр. Шоссейный, 27, кв. 25',2,'2026-02-19','20:45:00',NULL,'Перевод',4,1740.00,'2026-02-17 15:15:00'),(33,'ORD-2026-033','Федор Яковлев','+7 (916) 000-11-44','ул. Дорожная, 14, кв. 38',1,'2026-02-20','18:00:00','Код 38','Карта',1,870.00,'2026-02-17 15:30:00'),(34,'ORD-2026-034','Зоя Филиппова','+7 (916) 111-22-66','ул. Озерная, 21, кв. 73',1,'2026-02-20','18:30:00',NULL,'Наличные',2,1860.00,'2026-02-17 15:48:00'),(35,'ORD-2026-035','Эдуард Щербаков','+7 (916) 222-33-77','пр. Тихий, 4, кв. 16',5,'2026-02-20','19:15:00','2 этаж','Карта',3,1160.00,'2026-02-17 16:05:00'),(36,'ORD-2026-036','Нелли Архипова','+7 (916) 333-44-88','ул. Светлая, 31, кв. 58',2,'2026-02-20','19:45:00',NULL,'Перевод',5,980.00,'2026-02-17 16:20:00'),(37,'ORD-2026-037','Тимур Миронов','+7 (916) 444-55-99','ул. Весенняя, 18, кв. 42',1,'2026-02-20','20:30:00','Позвонить за 15 минут','Карта',1,1740.00,'2026-02-17 16:35:00'),(38,'ORD-2026-038','Лариса Ковалева','+7 (916) 555-66-00','пр. Звездный, 47, кв. 29',3,'2026-02-20','18:45:00',NULL,'Наличные',2,1360.00,'2026-02-17 17:00:00'),(39,'ORD-2026-039','Виталий Мельников','+7 (916) 666-77-11','ул. Абрикосовая, 5, кв. 11',1,'2026-02-20','19:00:00','Домофон 11','Карта',4,1790.00,'2026-02-17 17:15:00'),(40,'ORD-2026-040','Диана Алексеева','+7 (916) 777-88-22','ул. Вишневая, 26, кв. 55',4,'2026-02-20','20:00:00',NULL,'Перевод',6,1910.00,'2026-02-17 17:30:00'),(41,'ORD-2026-041','Борис Емельянов','+7 (916) 888-99-33','пр. Солнечный, 38, кв. 82',3,'2026-02-20','20:45:00','Код 82','Карта',1,1240.00,'2026-02-18 02:15:00'),(42,'ORD-2026-042','Галина Рыбакова','+7 (916) 999-00-44','ул. Ромашковая, 12, кв. 34',3,'2026-02-20','18:15:00',NULL,'Наличные',2,1120.00,'2026-02-18 02:30:00'),(43,'ORD-2026-043','Станислав Петухов','+7 (916) 000-11-55','ул. Лазурная, 41, кв. 19',2,'2026-02-20','19:30:00','3 подъезд','Карта',3,2020.00,'2026-02-18 02:45:00'),(44,'ORD-2026-044','Алина Савельева','+7 (916) 111-22-77','пр. Кленовый, 7, кв. 62',4,'2026-02-20','20:15:00',NULL,'Перевод',5,1390.00,'2026-02-18 03:00:00'),(45,'ORD-2026-045','Геннадий Антонов','+7 (916) 222-33-88','ул. Морская, 35, кв. 47',5,'2026-02-20','18:30:00','Позвонить','Карта',1,1370.00,'2026-02-18 03:22:00'),(46,'ORD-2026-046','Маргарита Давыдова','+7 (916) 333-44-99','ул. Речная, 9, кв. 24',5,'2026-02-20','19:45:00',NULL,'Наличные',2,1690.00,'2026-02-18 03:40:00'),(47,'ORD-2026-047','Аркадий Титов','+7 (916) 444-55-00','пр. Ботанический, 52, кв. 13',4,'2026-02-20','20:30:00','Домофон 13','Карта',4,935.00,'2026-02-18 04:00:00'),(48,'ORD-2026-048','Эльвира Гусева','+7 (916) 555-66-11','ул. Первомайская, 6, кв. 39',2,'2026-02-20','18:00:00',NULL,'Перевод',6,1260.00,'2026-02-18 04:18:00'),(49,'ORD-2026-049','Вениамин Захаров','+7 (916) 666-77-22','ул. 40 лет Победы, 20, кв. 74',4,'2026-02-20','19:15:00','Код 74','Карта',1,1040.00,'2026-02-18 04:35:00'),(50,'ORD-2026-050','Роза Тимофеева','+7 (916) 777-88-33','пр. Коммунистический, 29, кв. 51',5,'2026-02-20','20:00:00',NULL,'Наличные',3,1650.00,'2026-02-18 04:52:00'),(59,'ORD-20260311-155125','Иванов Иван Дмитриевич','+7 (232) 121-31-24','Самовывоз',1,'2026-03-11','16:55:30','','Наличные',1,2080.00,'2026-03-11 12:53:10'),(61,'ORD-20260311-155319','Иванов Иван Иванов','+7 (213) 123-12-31','Самовывоз',1,'2026-03-11','17:53:20','','Наличные',1,2080.00,'2026-03-11 12:53:35');
/*!40000 ALTER TABLE `orders` ENABLE KEYS */;
UNLOCK TABLES;

--
-- Table structure for table `other_orders`
--

DROP TABLE IF EXISTS `other_orders`;
/*!40101 SET @saved_cs_client     = @@character_set_client */;
/*!50503 SET character_set_client = utf8mb4 */;
CREATE TABLE `other_orders` (
  `id_other` int NOT NULL AUTO_INCREMENT,
  `id_order` int DEFAULT NULL,
  `id_status` int DEFAULT NULL,
  PRIMARY KEY (`id_other`),
  KEY `id_order` (`id_order`),
  KEY `other_orders_ibfk_1` (`id_status`),
  CONSTRAINT `other_orders_ibfk_1` FOREIGN KEY (`id_status`) REFERENCES `order_statuses` (`id_status`)
) ENGINE=InnoDB AUTO_INCREMENT=61 DEFAULT CHARSET=utf8mb3;
/*!40101 SET character_set_client = @saved_cs_client */;

--
-- Dumping data for table `other_orders`
--

LOCK TABLES `other_orders` WRITE;
/*!40000 ALTER TABLE `other_orders` DISABLE KEYS */;
INSERT INTO `other_orders` VALUES (1,1,1),(2,2,1),(3,3,1),(4,4,1),(5,5,1),(6,6,1),(7,7,1),(8,8,1),(9,9,1),(10,10,1),(11,11,2),(12,12,2),(13,13,2),(14,14,2),(15,15,2),(16,16,2),(17,17,2),(18,18,2),(19,19,2),(20,20,2),(21,21,3),(22,22,3),(23,23,3),(24,24,3),(25,25,3),(26,26,3),(27,27,3),(28,28,3),(29,29,3),(30,30,3),(31,31,4),(32,32,4),(33,33,4),(34,34,4),(35,35,4),(36,36,4),(37,37,4),(38,38,4),(39,39,4),(40,40,4),(41,41,5),(42,42,5),(43,43,5),(44,44,5),(45,45,5),(46,46,5),(47,47,5),(48,48,5),(49,49,5),(50,50,5),(51,51,6),(52,52,6),(53,53,6),(54,54,6),(55,55,6),(56,56,6),(57,57,6),(58,58,6),(59,59,6),(60,60,6);
/*!40000 ALTER TABLE `other_orders` ENABLE KEYS */;
UNLOCK TABLES;

--
-- Table structure for table `present`
--

DROP TABLE IF EXISTS `present`;
/*!40101 SET @saved_cs_client     = @@character_set_client */;
/*!50503 SET character_set_client = utf8mb4 */;
CREATE TABLE `present` (
  `id_present` int NOT NULL AUTO_INCREMENT,
  `name` varchar(255) DEFAULT NULL,
  `from_price` decimal(10,2) DEFAULT NULL,
  PRIMARY KEY (`id_present`)
) ENGINE=InnoDB AUTO_INCREMENT=6 DEFAULT CHARSET=utf8mb3;
/*!40101 SET character_set_client = @saved_cs_client */;

--
-- Dumping data for table `present`
--

LOCK TABLES `present` WRITE;
/*!40000 ALTER TABLE `present` DISABLE KEYS */;
INSERT INTO `present` VALUES (1,'Креветки в соусе',2000.00),(2,'Карбонара',1500.00),(3,'Борщ',2500.00),(4,'Чизбургер классический',3000.00),(5,'Борщы',2501.00);
/*!40000 ALTER TABLE `present` ENABLE KEYS */;
UNLOCK TABLES;

--
-- Table structure for table `roles`
--

DROP TABLE IF EXISTS `roles`;
/*!40101 SET @saved_cs_client     = @@character_set_client */;
/*!50503 SET character_set_client = utf8mb4 */;
CREATE TABLE `roles` (
  `id_role` int NOT NULL AUTO_INCREMENT,
  `role_name` varchar(50) NOT NULL,
  PRIMARY KEY (`id_role`),
  UNIQUE KEY `role_name` (`role_name`)
) ENGINE=InnoDB AUTO_INCREMENT=4 DEFAULT CHARSET=utf8mb3;
/*!40101 SET character_set_client = @saved_cs_client */;

--
-- Dumping data for table `roles`
--

LOCK TABLES `roles` WRITE;
/*!40000 ALTER TABLE `roles` DISABLE KEYS */;
INSERT INTO `roles` VALUES (3,'admin'),(2,'director'),(1,'manager');
/*!40000 ALTER TABLE `roles` ENABLE KEYS */;
UNLOCK TABLES;

--
-- Table structure for table `status_certificates`
--

DROP TABLE IF EXISTS `status_certificates`;
/*!40101 SET @saved_cs_client     = @@character_set_client */;
/*!50503 SET character_set_client = utf8mb4 */;
CREATE TABLE `status_certificates` (
  `id_status_certificate` int NOT NULL AUTO_INCREMENT,
  `name` varchar(255) DEFAULT NULL,
  PRIMARY KEY (`id_status_certificate`)
) ENGINE=InnoDB AUTO_INCREMENT=4 DEFAULT CHARSET=utf8mb3;
/*!40101 SET character_set_client = @saved_cs_client */;

--
-- Dumping data for table `status_certificates`
--

LOCK TABLES `status_certificates` WRITE;
/*!40000 ALTER TABLE `status_certificates` DISABLE KEYS */;
INSERT INTO `status_certificates` VALUES (1,'Активен'),(2,'Использован'),(3,'Возвращён');
/*!40000 ALTER TABLE `status_certificates` ENABLE KEYS */;
UNLOCK TABLES;

--
-- Table structure for table `users`
--

DROP TABLE IF EXISTS `users`;
/*!40101 SET @saved_cs_client     = @@character_set_client */;
/*!50503 SET character_set_client = utf8mb4 */;
CREATE TABLE `users` (
  `id_user` int NOT NULL AUTO_INCREMENT,
  `FIO` varchar(100) NOT NULL,
  `id_role` int NOT NULL,
  `login` varchar(50) NOT NULL,
  `password_hash` varchar(64) NOT NULL,
  PRIMARY KEY (`id_user`),
  UNIQUE KEY `login` (`login`),
  KEY `id_role` (`id_role`),
  CONSTRAINT `users_ibfk_1` FOREIGN KEY (`id_role`) REFERENCES `roles` (`id_role`)
) ENGINE=InnoDB AUTO_INCREMENT=12 DEFAULT CHARSET=utf8mb3;
/*!40101 SET character_set_client = @saved_cs_client */;

--
-- Dumping data for table `users`
--

LOCK TABLES `users` WRITE;
/*!40000 ALTER TABLE `users` DISABLE KEYS */;
INSERT INTO `users` VALUES (7,'Иванов Иван Иванович',2,'director','8c6976e5b5410415bde908bd4dee15dfb167a9c873fc4bb8a81f6f2ab448a918'),(8,'Сидоров Олег Александрович',1,'manager','8c6976e5b5410415bde908bd4dee15dfb167a9c873fc4bb8a81f6f2ab448a918'),(10,'Самойлова Диана Дмитриевна',3,'admin','8c6976e5b5410415bde908bd4dee15dfb167a9c873fc4bb8a81f6f2ab448a918'),(11,'админ админов',3,'admin2','8c6976e5b5410415bde908bd4dee15dfb167a9c873fc4bb8a81f6f2ab448a918');
/*!40000 ALTER TABLE `users` ENABLE KEYS */;
UNLOCK TABLES;
/*!40103 SET TIME_ZONE=@OLD_TIME_ZONE */;

/*!40101 SET SQL_MODE=@OLD_SQL_MODE */;
/*!40014 SET FOREIGN_KEY_CHECKS=@OLD_FOREIGN_KEY_CHECKS */;
/*!40014 SET UNIQUE_CHECKS=@OLD_UNIQUE_CHECKS */;
/*!40101 SET CHARACTER_SET_CLIENT=@OLD_CHARACTER_SET_CLIENT */;
/*!40101 SET CHARACTER_SET_RESULTS=@OLD_CHARACTER_SET_RESULTS */;
/*!40101 SET COLLATION_CONNECTION=@OLD_COLLATION_CONNECTION */;
/*!40111 SET SQL_NOTES=@OLD_SQL_NOTES */;

-- Dump completed on 2026-03-12 20:42:33
